ARM GAS  C:\Users\future\AppData\Local\Temp\cc1ED0ni.s 			page 1


   1              		.cpu cortex-m3
   2              		.arch armv7-m
   3              		.fpu softvfp
   4              		.eabi_attribute 20, 1
   5              		.eabi_attribute 21, 1
   6              		.eabi_attribute 23, 3
   7              		.eabi_attribute 24, 1
   8              		.eabi_attribute 25, 1
   9              		.eabi_attribute 26, 1
  10              		.eabi_attribute 30, 1
  11              		.eabi_attribute 34, 1
  12              		.eabi_attribute 18, 4
  13              		.file	"raspi_link.c"
  14              		.text
  15              	.Ltext0:
  16              		.cfi_sections	.debug_frame
  17              		.file 1 "Core/Src/balance_car/raspi_link.c"
  18              		.section	.text.RaspiLink_SetFault,"ax",%progbits
  19              		.align	1
  20              		.syntax unified
  21              		.thumb
  22              		.thumb_func
  24              	RaspiLink_SetFault:
  25              	.LVL0:
  26              	.LFB68:
   1:Core/Src/balance_car/raspi_link.c **** #include "balance_car/raspi_link.h"
   2:Core/Src/balance_car/raspi_link.c **** 
   3:Core/Src/balance_car/raspi_link.c **** #include "balance_car/balance_control.h"
   4:Core/Src/balance_car/raspi_link.c **** #include <math.h>
   5:Core/Src/balance_car/raspi_link.c **** #include <stdio.h>
   6:Core/Src/balance_car/raspi_link.c **** #include <stdlib.h>
   7:Core/Src/balance_car/raspi_link.c **** #include <string.h>
   8:Core/Src/balance_car/raspi_link.c **** 
   9:Core/Src/balance_car/raspi_link.c **** #define RASPI_UART                         USART1
  10:Core/Src/balance_car/raspi_link.c **** #define RASPI_UART_BAUDRATE                115200U
  11:Core/Src/balance_car/raspi_link.c **** #define RASPI_UART_TX_PORT                 GPIOB
  12:Core/Src/balance_car/raspi_link.c **** #define RASPI_UART_TX_PIN                  GPIO_PIN_6
  13:Core/Src/balance_car/raspi_link.c **** #define RASPI_UART_RX_PORT                 GPIOB
  14:Core/Src/balance_car/raspi_link.c **** #define RASPI_UART_RX_PIN                  GPIO_PIN_7
  15:Core/Src/balance_car/raspi_link.c **** #define RASPI_LINE_MAX                     79U
  16:Core/Src/balance_car/raspi_link.c **** #define RASPI_TX_LINE_MAX                  95U
  17:Core/Src/balance_car/raspi_link.c **** #define RASPI_PI_F                         3.1415926f
  18:Core/Src/balance_car/raspi_link.c **** #define RASPI_DEG_TO_RAD                   (RASPI_PI_F / 180.0f)
  19:Core/Src/balance_car/raspi_link.c **** 
  20:Core/Src/balance_car/raspi_link.c **** volatile RaspiLinkState_t g_raspi_link_state = {0};
  21:Core/Src/balance_car/raspi_link.c **** volatile RaspiLinkDebug_t g_raspi_link_debug = {
  22:Core/Src/balance_car/raspi_link.c ****     .enable = 1U,
  23:Core/Src/balance_car/raspi_link.c ****     .timeout_stop_enable = 1U,
  24:Core/Src/balance_car/raspi_link.c ****     .allow_run_enable = 1U,
  25:Core/Src/balance_car/raspi_link.c ****     .odom_tx_enable = 1U,
  26:Core/Src/balance_car/raspi_link.c ****     .speed_limit = 3.0f,
  27:Core/Src/balance_car/raspi_link.c ****     .turn_limit = 2.0f,
  28:Core/Src/balance_car/raspi_link.c ****     .wheel_radius_m = 0.0325f,
  29:Core/Src/balance_car/raspi_link.c ****     .timeout_ms = 500U,
  30:Core/Src/balance_car/raspi_link.c ****     .odom_period_ms = 50U,
  31:Core/Src/balance_car/raspi_link.c **** };
  32:Core/Src/balance_car/raspi_link.c **** 
ARM GAS  C:\Users\future\AppData\Local\Temp\cc1ED0ni.s 			page 2


  33:Core/Src/balance_car/raspi_link.c **** static UART_HandleTypeDef s_huart_raspi;
  34:Core/Src/balance_car/raspi_link.c **** static uint8_t s_rx_byte;
  35:Core/Src/balance_car/raspi_link.c **** static char s_rx_line[RASPI_LINE_MAX + 1U];
  36:Core/Src/balance_car/raspi_link.c **** static volatile uint8_t s_rx_index;
  37:Core/Src/balance_car/raspi_link.c **** static volatile uint8_t s_line_ready;
  38:Core/Src/balance_car/raspi_link.c **** static char s_parse_line[RASPI_LINE_MAX + 1U];
  39:Core/Src/balance_car/raspi_link.c **** static char s_tx_line[RASPI_TX_LINE_MAX + 1U];
  40:Core/Src/balance_car/raspi_link.c **** static uint32_t s_next_odom_tx_ms;
  41:Core/Src/balance_car/raspi_link.c **** static uint32_t s_last_odom_update_ms;
  42:Core/Src/balance_car/raspi_link.c **** 
  43:Core/Src/balance_car/raspi_link.c **** static void RaspiLink_SetFault(uint32_t fault)
  44:Core/Src/balance_car/raspi_link.c **** {
  27              		.loc 1 44 1 view -0
  28              		.cfi_startproc
  29              		@ args = 0, pretend = 0, frame = 0
  30              		@ frame_needed = 0, uses_anonymous_args = 0
  31              		@ link register save eliminated.
  45:Core/Src/balance_car/raspi_link.c ****     g_raspi_link_state.fault_flags |= fault;
  32              		.loc 1 45 5 view .LVU1
  33              		.loc 1 45 23 is_stmt 0 view .LVU2
  34 0000 024A     		ldr	r2, .L2
  35 0002 536B     		ldr	r3, [r2, #52]
  36              		.loc 1 45 36 view .LVU3
  37 0004 0343     		orrs	r3, r3, r0
  38 0006 5363     		str	r3, [r2, #52]
  46:Core/Src/balance_car/raspi_link.c **** }
  39              		.loc 1 46 1 view .LVU4
  40 0008 7047     		bx	lr
  41              	.L3:
  42 000a 00BF     		.align	2
  43              	.L2:
  44 000c 00000000 		.word	g_raspi_link_state
  45              		.cfi_endproc
  46              	.LFE68:
  48              		.global	__aeabi_fcmplt
  49              		.global	__aeabi_fcmpgt
  50              		.section	.text.RaspiLink_Clamp,"ax",%progbits
  51              		.align	1
  52              		.syntax unified
  53              		.thumb
  54              		.thumb_func
  56              	RaspiLink_Clamp:
  57              	.LVL1:
  58              	.LFB69:
  47:Core/Src/balance_car/raspi_link.c **** 
  48:Core/Src/balance_car/raspi_link.c **** static float RaspiLink_Clamp(float value, float limit)
  49:Core/Src/balance_car/raspi_link.c **** {
  59              		.loc 1 49 1 is_stmt 1 view -0
  60              		.cfi_startproc
  61              		@ args = 0, pretend = 0, frame = 0
  62              		@ frame_needed = 0, uses_anonymous_args = 0
  63              		.loc 1 49 1 is_stmt 0 view .LVU6
  64 0000 38B5     		push	{r3, r4, r5, lr}
  65              	.LCFI0:
  66              		.cfi_def_cfa_offset 16
  67              		.cfi_offset 3, -16
  68              		.cfi_offset 4, -12
ARM GAS  C:\Users\future\AppData\Local\Temp\cc1ED0ni.s 			page 3


  69              		.cfi_offset 5, -8
  70              		.cfi_offset 14, -4
  71 0002 0546     		mov	r5, r0
  72 0004 0C46     		mov	r4, r1
  50:Core/Src/balance_car/raspi_link.c ****     if (limit < 0.0f) {
  73              		.loc 1 50 5 is_stmt 1 view .LVU7
  74              		.loc 1 50 8 is_stmt 0 view .LVU8
  75 0006 0021     		movs	r1, #0
  76              	.LVL2:
  77              		.loc 1 50 8 view .LVU9
  78 0008 2046     		mov	r0, r4
  79              	.LVL3:
  80              		.loc 1 50 8 view .LVU10
  81 000a FFF7FEFF 		bl	__aeabi_fcmplt
  82              	.LVL4:
  83 000e 70B9     		cbnz	r0, .L11
  84              	.LVL5:
  85              	.L5:
  51:Core/Src/balance_car/raspi_link.c ****         limit = -limit;
  52:Core/Src/balance_car/raspi_link.c ****     }
  53:Core/Src/balance_car/raspi_link.c ****     if (value > limit) {
  86              		.loc 1 53 5 is_stmt 1 view .LVU11
  87              		.loc 1 53 8 is_stmt 0 view .LVU12
  88 0010 2946     		mov	r1, r5
  89 0012 2046     		mov	r0, r4
  90 0014 FFF7FEFF 		bl	__aeabi_fcmplt
  91              	.LVL6:
  92 0018 38B9     		cbnz	r0, .L4
  54:Core/Src/balance_car/raspi_link.c ****         return limit;
  55:Core/Src/balance_car/raspi_link.c ****     }
  56:Core/Src/balance_car/raspi_link.c ****     if (value < -limit) {
  93              		.loc 1 56 5 is_stmt 1 view .LVU13
  94              		.loc 1 56 17 is_stmt 0 view .LVU14
  95 001a 04F10044 		add	r4, r4, #-2147483648
  96              	.LVL7:
  97              		.loc 1 56 8 view .LVU15
  98 001e 2946     		mov	r1, r5
  99 0020 2046     		mov	r0, r4
 100 0022 FFF7FEFF 		bl	__aeabi_fcmpgt
 101              	.LVL8:
 102 0026 00B9     		cbnz	r0, .L4
  57:Core/Src/balance_car/raspi_link.c ****         return -limit;
  58:Core/Src/balance_car/raspi_link.c ****     }
  59:Core/Src/balance_car/raspi_link.c ****     return value;
 103              		.loc 1 59 12 view .LVU16
 104 0028 2C46     		mov	r4, r5
 105              	.L4:
  60:Core/Src/balance_car/raspi_link.c **** }
 106              		.loc 1 60 1 view .LVU17
 107 002a 2046     		mov	r0, r4
 108 002c 38BD     		pop	{r3, r4, r5, pc}
 109              	.LVL9:
 110              	.L11:
  51:Core/Src/balance_car/raspi_link.c ****     }
 111              		.loc 1 51 9 is_stmt 1 view .LVU18
  51:Core/Src/balance_car/raspi_link.c ****     }
 112              		.loc 1 51 15 is_stmt 0 view .LVU19
ARM GAS  C:\Users\future\AppData\Local\Temp\cc1ED0ni.s 			page 4


 113 002e 04F10044 		add	r4, r4, #-2147483648
 114              	.LVL10:
  51:Core/Src/balance_car/raspi_link.c ****     }
 115              		.loc 1 51 15 view .LVU20
 116 0032 EDE7     		b	.L5
 117              		.cfi_endproc
 118              	.LFE69:
 120              		.section	.text.RaspiLink_StopMotion,"ax",%progbits
 121              		.align	1
 122              		.syntax unified
 123              		.thumb
 124              		.thumb_func
 126              	RaspiLink_StopMotion:
 127              	.LFB70:
  61:Core/Src/balance_car/raspi_link.c **** 
  62:Core/Src/balance_car/raspi_link.c **** static void RaspiLink_StopMotion(void)
  63:Core/Src/balance_car/raspi_link.c **** {
 128              		.loc 1 63 1 is_stmt 1 view -0
 129              		.cfi_startproc
 130              		@ args = 0, pretend = 0, frame = 0
 131              		@ frame_needed = 0, uses_anonymous_args = 0
 132              		@ link register save eliminated.
  64:Core/Src/balance_car/raspi_link.c ****     g_balance_debug.run_enable = 0U;
 133              		.loc 1 64 5 view .LVU22
 134              		.loc 1 64 32 is_stmt 0 view .LVU23
 135 0000 044A     		ldr	r2, .L13
 136 0002 0023     		movs	r3, #0
 137 0004 1370     		strb	r3, [r2]
  65:Core/Src/balance_car/raspi_link.c ****     g_balance_debug.speed_target = 0.0f;
 138              		.loc 1 65 5 is_stmt 1 view .LVU24
 139              		.loc 1 65 34 is_stmt 0 view .LVU25
 140 0006 0023     		movs	r3, #0
 141 0008 5360     		str	r3, [r2, #4]	@ float
  66:Core/Src/balance_car/raspi_link.c ****     g_balance_debug.turn_target = 0.0f;
 142              		.loc 1 66 5 is_stmt 1 view .LVU26
 143              		.loc 1 66 33 is_stmt 0 view .LVU27
 144 000a 9360     		str	r3, [r2, #8]	@ float
  67:Core/Src/balance_car/raspi_link.c ****     g_raspi_link_state.linear_x_cmd = 0.0f;
 145              		.loc 1 67 5 is_stmt 1 view .LVU28
 146              		.loc 1 67 37 is_stmt 0 view .LVU29
 147 000c 024A     		ldr	r2, .L13+4
 148 000e 9363     		str	r3, [r2, #56]	@ float
  68:Core/Src/balance_car/raspi_link.c ****     g_raspi_link_state.angular_z_cmd = 0.0f;
 149              		.loc 1 68 5 is_stmt 1 view .LVU30
 150              		.loc 1 68 38 is_stmt 0 view .LVU31
 151 0010 D363     		str	r3, [r2, #60]	@ float
  69:Core/Src/balance_car/raspi_link.c **** }
 152              		.loc 1 69 1 view .LVU32
 153 0012 7047     		bx	lr
 154              	.L14:
 155              		.align	2
 156              	.L13:
 157 0014 00000000 		.word	g_balance_debug
 158 0018 00000000 		.word	g_raspi_link_state
 159              		.cfi_endproc
 160              	.LFE70:
 162              		.section	.text.RaspiLink_ChecksumAscii,"ax",%progbits
ARM GAS  C:\Users\future\AppData\Local\Temp\cc1ED0ni.s 			page 5


 163              		.align	1
 164              		.syntax unified
 165              		.thumb
 166              		.thumb_func
 168              	RaspiLink_ChecksumAscii:
 169              	.LVL11:
 170              	.LFB72:
  70:Core/Src/balance_car/raspi_link.c **** 
  71:Core/Src/balance_car/raspi_link.c **** static void RaspiLink_StartReceive(void)
  72:Core/Src/balance_car/raspi_link.c **** {
  73:Core/Src/balance_car/raspi_link.c ****     if (HAL_UART_Receive_IT(&s_huart_raspi, &s_rx_byte, 1U) != HAL_OK) {
  74:Core/Src/balance_car/raspi_link.c ****         RaspiLink_SetFault(RASPI_LINK_FAULT_RX_RESTART);
  75:Core/Src/balance_car/raspi_link.c ****     }
  76:Core/Src/balance_car/raspi_link.c **** }
  77:Core/Src/balance_car/raspi_link.c **** 
  78:Core/Src/balance_car/raspi_link.c **** static uint8_t RaspiLink_ChecksumAscii(const char *payload)
  79:Core/Src/balance_car/raspi_link.c **** {
 171              		.loc 1 79 1 is_stmt 1 view -0
 172              		.cfi_startproc
 173              		@ args = 0, pretend = 0, frame = 0
 174              		@ frame_needed = 0, uses_anonymous_args = 0
 175              		@ link register save eliminated.
 176              		.loc 1 79 1 is_stmt 0 view .LVU34
 177 0000 0346     		mov	r3, r0
  80:Core/Src/balance_car/raspi_link.c ****     uint8_t checksum = 0U;
 178              		.loc 1 80 5 is_stmt 1 view .LVU35
 179              	.LVL12:
  81:Core/Src/balance_car/raspi_link.c **** 
  82:Core/Src/balance_car/raspi_link.c ****     while (*payload != '\0') {
 180              		.loc 1 82 5 view .LVU36
  80:Core/Src/balance_car/raspi_link.c ****     uint8_t checksum = 0U;
 181              		.loc 1 80 13 is_stmt 0 view .LVU37
 182 0002 0020     		movs	r0, #0
 183              	.LVL13:
 184              		.loc 1 82 11 view .LVU38
 185 0004 01E0     		b	.L16
 186              	.LVL14:
 187              	.L17:
  83:Core/Src/balance_car/raspi_link.c ****         checksum ^= (uint8_t)(*payload);
 188              		.loc 1 83 9 is_stmt 1 view .LVU39
 189              		.loc 1 83 18 is_stmt 0 view .LVU40
 190 0006 5040     		eors	r0, r0, r2
 191              	.LVL15:
  84:Core/Src/balance_car/raspi_link.c ****         payload++;
 192              		.loc 1 84 9 is_stmt 1 view .LVU41
 193              		.loc 1 84 16 is_stmt 0 view .LVU42
 194 0008 0133     		adds	r3, r3, #1
 195              	.LVL16:
 196              	.L16:
  82:Core/Src/balance_car/raspi_link.c ****         checksum ^= (uint8_t)(*payload);
 197              		.loc 1 82 21 is_stmt 1 view .LVU43
  82:Core/Src/balance_car/raspi_link.c ****         checksum ^= (uint8_t)(*payload);
 198              		.loc 1 82 12 is_stmt 0 view .LVU44
 199 000a 1A78     		ldrb	r2, [r3]	@ zero_extendqisi2
  82:Core/Src/balance_car/raspi_link.c ****         checksum ^= (uint8_t)(*payload);
 200              		.loc 1 82 21 view .LVU45
 201 000c 002A     		cmp	r2, #0
ARM GAS  C:\Users\future\AppData\Local\Temp\cc1ED0ni.s 			page 6


 202 000e FAD1     		bne	.L17
  85:Core/Src/balance_car/raspi_link.c ****     }
  86:Core/Src/balance_car/raspi_link.c ****     return checksum;
 203              		.loc 1 86 5 is_stmt 1 view .LVU46
  87:Core/Src/balance_car/raspi_link.c **** }
 204              		.loc 1 87 1 is_stmt 0 view .LVU47
 205 0010 7047     		bx	lr
 206              		.cfi_endproc
 207              	.LFE72:
 209              		.section	.text.RaspiLink_HexValue,"ax",%progbits
 210              		.align	1
 211              		.syntax unified
 212              		.thumb
 213              		.thumb_func
 215              	RaspiLink_HexValue:
 216              	.LVL17:
 217              	.LFB75:
  88:Core/Src/balance_car/raspi_link.c **** 
  89:Core/Src/balance_car/raspi_link.c **** static HAL_StatusTypeDef RaspiLink_UartInit(void)
  90:Core/Src/balance_car/raspi_link.c **** {
  91:Core/Src/balance_car/raspi_link.c ****     GPIO_InitTypeDef gpio = {0};
  92:Core/Src/balance_car/raspi_link.c **** 
  93:Core/Src/balance_car/raspi_link.c ****     __HAL_RCC_GPIOB_CLK_ENABLE();
  94:Core/Src/balance_car/raspi_link.c ****     __HAL_RCC_AFIO_CLK_ENABLE();
  95:Core/Src/balance_car/raspi_link.c ****     __HAL_RCC_USART1_CLK_ENABLE();
  96:Core/Src/balance_car/raspi_link.c ****     __HAL_AFIO_REMAP_USART1_ENABLE();
  97:Core/Src/balance_car/raspi_link.c **** 
  98:Core/Src/balance_car/raspi_link.c ****     gpio.Pin = RASPI_UART_TX_PIN;
  99:Core/Src/balance_car/raspi_link.c ****     gpio.Mode = GPIO_MODE_AF_PP;
 100:Core/Src/balance_car/raspi_link.c ****     gpio.Speed = GPIO_SPEED_FREQ_HIGH;
 101:Core/Src/balance_car/raspi_link.c ****     HAL_GPIO_Init(RASPI_UART_TX_PORT, &gpio);
 102:Core/Src/balance_car/raspi_link.c **** 
 103:Core/Src/balance_car/raspi_link.c ****     gpio.Pin = RASPI_UART_RX_PIN;
 104:Core/Src/balance_car/raspi_link.c ****     gpio.Mode = GPIO_MODE_INPUT;
 105:Core/Src/balance_car/raspi_link.c ****     gpio.Pull = GPIO_PULLUP;
 106:Core/Src/balance_car/raspi_link.c ****     gpio.Speed = GPIO_SPEED_FREQ_HIGH;
 107:Core/Src/balance_car/raspi_link.c ****     HAL_GPIO_Init(RASPI_UART_RX_PORT, &gpio);
 108:Core/Src/balance_car/raspi_link.c **** 
 109:Core/Src/balance_car/raspi_link.c ****     s_huart_raspi.Instance = RASPI_UART;
 110:Core/Src/balance_car/raspi_link.c ****     s_huart_raspi.Init.BaudRate = RASPI_UART_BAUDRATE;
 111:Core/Src/balance_car/raspi_link.c ****     s_huart_raspi.Init.WordLength = UART_WORDLENGTH_8B;
 112:Core/Src/balance_car/raspi_link.c ****     s_huart_raspi.Init.StopBits = UART_STOPBITS_1;
 113:Core/Src/balance_car/raspi_link.c ****     s_huart_raspi.Init.Parity = UART_PARITY_NONE;
 114:Core/Src/balance_car/raspi_link.c ****     s_huart_raspi.Init.Mode = UART_MODE_TX_RX;
 115:Core/Src/balance_car/raspi_link.c ****     s_huart_raspi.Init.HwFlowCtl = UART_HWCONTROL_NONE;
 116:Core/Src/balance_car/raspi_link.c ****     s_huart_raspi.Init.OverSampling = UART_OVERSAMPLING_16;
 117:Core/Src/balance_car/raspi_link.c **** 
 118:Core/Src/balance_car/raspi_link.c ****     if (HAL_UART_Init(&s_huart_raspi) != HAL_OK) {
 119:Core/Src/balance_car/raspi_link.c ****         RaspiLink_SetFault(RASPI_LINK_FAULT_UART_INIT);
 120:Core/Src/balance_car/raspi_link.c ****         return HAL_ERROR;
 121:Core/Src/balance_car/raspi_link.c ****     }
 122:Core/Src/balance_car/raspi_link.c **** 
 123:Core/Src/balance_car/raspi_link.c ****     HAL_NVIC_SetPriority(USART1_IRQn, 2U, 1U);
 124:Core/Src/balance_car/raspi_link.c ****     HAL_NVIC_EnableIRQ(USART1_IRQn);
 125:Core/Src/balance_car/raspi_link.c ****     return HAL_OK;
 126:Core/Src/balance_car/raspi_link.c **** }
 127:Core/Src/balance_car/raspi_link.c **** 
ARM GAS  C:\Users\future\AppData\Local\Temp\cc1ED0ni.s 			page 7


 128:Core/Src/balance_car/raspi_link.c **** HAL_StatusTypeDef RaspiLink_Init(void)
 129:Core/Src/balance_car/raspi_link.c **** {
 130:Core/Src/balance_car/raspi_link.c ****     HAL_StatusTypeDef status;
 131:Core/Src/balance_car/raspi_link.c **** 
 132:Core/Src/balance_car/raspi_link.c ****     memset((void *)&g_raspi_link_state, 0, sizeof(g_raspi_link_state));
 133:Core/Src/balance_car/raspi_link.c ****     s_rx_index = 0U;
 134:Core/Src/balance_car/raspi_link.c ****     s_line_ready = 0U;
 135:Core/Src/balance_car/raspi_link.c ****     s_next_odom_tx_ms = HAL_GetTick() + g_raspi_link_debug.odom_period_ms;
 136:Core/Src/balance_car/raspi_link.c ****     s_last_odom_update_ms = HAL_GetTick();
 137:Core/Src/balance_car/raspi_link.c ****     status = RaspiLink_UartInit();
 138:Core/Src/balance_car/raspi_link.c ****     if (status == HAL_OK) {
 139:Core/Src/balance_car/raspi_link.c ****         RaspiLink_StartReceive();
 140:Core/Src/balance_car/raspi_link.c ****     }
 141:Core/Src/balance_car/raspi_link.c ****     return status;
 142:Core/Src/balance_car/raspi_link.c **** }
 143:Core/Src/balance_car/raspi_link.c **** 
 144:Core/Src/balance_car/raspi_link.c **** static uint8_t RaspiLink_HexValue(char ch, uint8_t *value)
 145:Core/Src/balance_car/raspi_link.c **** {
 218              		.loc 1 145 1 is_stmt 1 view -0
 219              		.cfi_startproc
 220              		@ args = 0, pretend = 0, frame = 0
 221              		@ frame_needed = 0, uses_anonymous_args = 0
 222              		@ link register save eliminated.
 146:Core/Src/balance_car/raspi_link.c ****     if (ch >= '0' && ch <= '9') {
 223              		.loc 1 146 5 view .LVU49
 224              		.loc 1 146 19 is_stmt 0 view .LVU50
 225 0000 A0F13003 		sub	r3, r0, #48
 226 0004 DBB2     		uxtb	r3, r3
 227              		.loc 1 146 8 view .LVU51
 228 0006 092B     		cmp	r3, #9
 229 0008 0BD9     		bls	.L23
 147:Core/Src/balance_car/raspi_link.c ****         *value = (uint8_t)(ch - '0');
 148:Core/Src/balance_car/raspi_link.c ****         return 1U;
 149:Core/Src/balance_car/raspi_link.c ****     }
 150:Core/Src/balance_car/raspi_link.c ****     if (ch >= 'A' && ch <= 'F') {
 230              		.loc 1 150 5 is_stmt 1 view .LVU52
 231              		.loc 1 150 19 is_stmt 0 view .LVU53
 232 000a A0F14103 		sub	r3, r0, #65
 233 000e DBB2     		uxtb	r3, r3
 234              		.loc 1 150 8 view .LVU54
 235 0010 052B     		cmp	r3, #5
 236 0012 09D9     		bls	.L24
 151:Core/Src/balance_car/raspi_link.c ****         *value = (uint8_t)(ch - 'A' + 10);
 152:Core/Src/balance_car/raspi_link.c ****         return 1U;
 153:Core/Src/balance_car/raspi_link.c ****     }
 154:Core/Src/balance_car/raspi_link.c ****     if (ch >= 'a' && ch <= 'f') {
 237              		.loc 1 154 5 is_stmt 1 view .LVU55
 238              		.loc 1 154 19 is_stmt 0 view .LVU56
 239 0014 A0F16103 		sub	r3, r0, #97
 240 0018 DBB2     		uxtb	r3, r3
 241              		.loc 1 154 8 view .LVU57
 242 001a 052B     		cmp	r3, #5
 243 001c 08D9     		bls	.L25
 155:Core/Src/balance_car/raspi_link.c ****         *value = (uint8_t)(ch - 'a' + 10);
 156:Core/Src/balance_car/raspi_link.c ****         return 1U;
 157:Core/Src/balance_car/raspi_link.c ****     }
 158:Core/Src/balance_car/raspi_link.c ****     return 0U;
ARM GAS  C:\Users\future\AppData\Local\Temp\cc1ED0ni.s 			page 8


 244              		.loc 1 158 12 view .LVU58
 245 001e 0020     		movs	r0, #0
 246              	.LVL18:
 159:Core/Src/balance_car/raspi_link.c **** }
 247              		.loc 1 159 1 view .LVU59
 248 0020 7047     		bx	lr
 249              	.LVL19:
 250              	.L23:
 147:Core/Src/balance_car/raspi_link.c ****         return 1U;
 251              		.loc 1 147 9 is_stmt 1 view .LVU60
 147:Core/Src/balance_car/raspi_link.c ****         return 1U;
 252              		.loc 1 147 16 is_stmt 0 view .LVU61
 253 0022 0B70     		strb	r3, [r1]
 148:Core/Src/balance_car/raspi_link.c ****     }
 254              		.loc 1 148 9 is_stmt 1 view .LVU62
 148:Core/Src/balance_car/raspi_link.c ****     }
 255              		.loc 1 148 16 is_stmt 0 view .LVU63
 256 0024 0120     		movs	r0, #1
 257              	.LVL20:
 148:Core/Src/balance_car/raspi_link.c ****     }
 258              		.loc 1 148 16 view .LVU64
 259 0026 7047     		bx	lr
 260              	.LVL21:
 261              	.L24:
 151:Core/Src/balance_car/raspi_link.c ****         return 1U;
 262              		.loc 1 151 9 is_stmt 1 view .LVU65
 151:Core/Src/balance_car/raspi_link.c ****         return 1U;
 263              		.loc 1 151 18 is_stmt 0 view .LVU66
 264 0028 3738     		subs	r0, r0, #55
 265              	.LVL22:
 151:Core/Src/balance_car/raspi_link.c ****         return 1U;
 266              		.loc 1 151 16 view .LVU67
 267 002a 0870     		strb	r0, [r1]
 152:Core/Src/balance_car/raspi_link.c ****     }
 268              		.loc 1 152 9 is_stmt 1 view .LVU68
 152:Core/Src/balance_car/raspi_link.c ****     }
 269              		.loc 1 152 16 is_stmt 0 view .LVU69
 270 002c 0120     		movs	r0, #1
 271 002e 7047     		bx	lr
 272              	.LVL23:
 273              	.L25:
 155:Core/Src/balance_car/raspi_link.c ****         return 1U;
 274              		.loc 1 155 9 is_stmt 1 view .LVU70
 155:Core/Src/balance_car/raspi_link.c ****         return 1U;
 275              		.loc 1 155 18 is_stmt 0 view .LVU71
 276 0030 5738     		subs	r0, r0, #87
 277              	.LVL24:
 155:Core/Src/balance_car/raspi_link.c ****         return 1U;
 278              		.loc 1 155 16 view .LVU72
 279 0032 0870     		strb	r0, [r1]
 156:Core/Src/balance_car/raspi_link.c ****     }
 280              		.loc 1 156 9 is_stmt 1 view .LVU73
 156:Core/Src/balance_car/raspi_link.c ****     }
 281              		.loc 1 156 16 is_stmt 0 view .LVU74
 282 0034 0120     		movs	r0, #1
 283 0036 7047     		bx	lr
 284              		.cfi_endproc
ARM GAS  C:\Users\future\AppData\Local\Temp\cc1ED0ni.s 			page 9


 285              	.LFE75:
 287              		.section	.text.RaspiLink_ParseChecksum,"ax",%progbits
 288              		.align	1
 289              		.syntax unified
 290              		.thumb
 291              		.thumb_func
 293              	RaspiLink_ParseChecksum:
 294              	.LVL25:
 295              	.LFB76:
 160:Core/Src/balance_car/raspi_link.c **** 
 161:Core/Src/balance_car/raspi_link.c **** static uint8_t RaspiLink_ParseChecksum(const char *text, uint8_t *checksum)
 162:Core/Src/balance_car/raspi_link.c **** {
 296              		.loc 1 162 1 is_stmt 1 view -0
 297              		.cfi_startproc
 298              		@ args = 0, pretend = 0, frame = 8
 299              		@ frame_needed = 0, uses_anonymous_args = 0
 163:Core/Src/balance_car/raspi_link.c ****     uint8_t high;
 300              		.loc 1 163 5 view .LVU76
 164:Core/Src/balance_car/raspi_link.c ****     uint8_t low;
 301              		.loc 1 164 5 view .LVU77
 165:Core/Src/balance_car/raspi_link.c **** 
 166:Core/Src/balance_car/raspi_link.c ****     if (text == 0 || checksum == 0 || text[0] == '\0' || text[1] == '\0' || text[2] != '\0') {
 302              		.loc 1 166 5 view .LVU78
 303              		.loc 1 166 8 is_stmt 0 view .LVU79
 304 0000 18B3     		cbz	r0, .L30
 162:Core/Src/balance_car/raspi_link.c ****     uint8_t high;
 305              		.loc 1 162 1 view .LVU80
 306 0002 70B5     		push	{r4, r5, r6, lr}
 307              	.LCFI1:
 308              		.cfi_def_cfa_offset 16
 309              		.cfi_offset 4, -16
 310              		.cfi_offset 5, -12
 311              		.cfi_offset 6, -8
 312              		.cfi_offset 14, -4
 313 0004 82B0     		sub	sp, sp, #8
 314              	.LCFI2:
 315              		.cfi_def_cfa_offset 24
 316 0006 0D46     		mov	r5, r1
 317 0008 0446     		mov	r4, r0
 318              		.loc 1 166 19 discriminator 1 view .LVU81
 319 000a 01B3     		cbz	r1, .L31
 320              		.loc 1 166 43 discriminator 2 view .LVU82
 321 000c 0078     		ldrb	r0, [r0]	@ zero_extendqisi2
 322              	.LVL26:
 323              		.loc 1 166 36 discriminator 2 view .LVU83
 324 000e 08B3     		cbz	r0, .L27
 325              		.loc 1 166 62 discriminator 3 view .LVU84
 326 0010 6378     		ldrb	r3, [r4, #1]	@ zero_extendqisi2
 327              		.loc 1 166 55 discriminator 3 view .LVU85
 328 0012 F3B1     		cbz	r3, .L32
 329              		.loc 1 166 81 discriminator 4 view .LVU86
 330 0014 A678     		ldrb	r6, [r4, #2]	@ zero_extendqisi2
 331              		.loc 1 166 74 discriminator 4 view .LVU87
 332 0016 0EB1     		cbz	r6, .L38
 167:Core/Src/balance_car/raspi_link.c ****         return 0U;
 333              		.loc 1 167 16 view .LVU88
 334 0018 0020     		movs	r0, #0
ARM GAS  C:\Users\future\AppData\Local\Temp\cc1ED0ni.s 			page 10


 335 001a 1BE0     		b	.L27
 336              	.L38:
 168:Core/Src/balance_car/raspi_link.c ****     }
 169:Core/Src/balance_car/raspi_link.c ****     if (RaspiLink_HexValue(text[0], &high) == 0U || RaspiLink_HexValue(text[1], &low) == 0U) {
 337              		.loc 1 169 5 is_stmt 1 view .LVU89
 338              		.loc 1 169 9 is_stmt 0 view .LVU90
 339 001c 0DF10701 		add	r1, sp, #7
 340              	.LVL27:
 341              		.loc 1 169 9 view .LVU91
 342 0020 FFF7FEFF 		bl	RaspiLink_HexValue
 343              	.LVL28:
 344              		.loc 1 169 8 discriminator 1 view .LVU92
 345 0024 08B9     		cbnz	r0, .L39
 346              	.L28:
 170:Core/Src/balance_car/raspi_link.c ****         return 0U;
 347              		.loc 1 170 9 is_stmt 1 view .LVU93
 348              		.loc 1 170 16 is_stmt 0 view .LVU94
 349 0026 3046     		mov	r0, r6
 350 0028 14E0     		b	.L27
 351              	.L39:
 169:Core/Src/balance_car/raspi_link.c ****         return 0U;
 352              		.loc 1 169 53 discriminator 1 view .LVU95
 353 002a 0DF10601 		add	r1, sp, #6
 354 002e 6078     		ldrb	r0, [r4, #1]	@ zero_extendqisi2
 355 0030 FFF7FEFF 		bl	RaspiLink_HexValue
 356              	.LVL29:
 169:Core/Src/balance_car/raspi_link.c ****         return 0U;
 357              		.loc 1 169 50 discriminator 1 view .LVU96
 358 0034 0028     		cmp	r0, #0
 359 0036 F6D0     		beq	.L28
 171:Core/Src/balance_car/raspi_link.c ****     }
 172:Core/Src/balance_car/raspi_link.c ****     *checksum = (uint8_t)((high << 4) | low);
 360              		.loc 1 172 5 is_stmt 1 view .LVU97
 361              		.loc 1 172 39 is_stmt 0 view .LVU98
 362 0038 9DF80720 		ldrb	r2, [sp, #7]	@ zero_extendqisi2
 363 003c 9DF80630 		ldrb	r3, [sp, #6]	@ zero_extendqisi2
 364              		.loc 1 172 17 view .LVU99
 365 0040 43EA0213 		orr	r3, r3, r2, lsl #4
 366              		.loc 1 172 15 view .LVU100
 367 0044 2B70     		strb	r3, [r5]
 173:Core/Src/balance_car/raspi_link.c ****     return 1U;
 368              		.loc 1 173 5 is_stmt 1 view .LVU101
 369              		.loc 1 173 12 is_stmt 0 view .LVU102
 370 0046 0120     		movs	r0, #1
 371 0048 04E0     		b	.L27
 372              	.LVL30:
 373              	.L30:
 374              	.LCFI3:
 375              		.cfi_def_cfa_offset 0
 376              		.cfi_restore 4
 377              		.cfi_restore 5
 378              		.cfi_restore 6
 379              		.cfi_restore 14
 167:Core/Src/balance_car/raspi_link.c ****     }
 380              		.loc 1 167 16 view .LVU103
 381 004a 0020     		movs	r0, #0
 382              	.LVL31:
ARM GAS  C:\Users\future\AppData\Local\Temp\cc1ED0ni.s 			page 11


 174:Core/Src/balance_car/raspi_link.c **** }
 383              		.loc 1 174 1 view .LVU104
 384 004c 7047     		bx	lr
 385              	.LVL32:
 386              	.L31:
 387              	.LCFI4:
 388              		.cfi_def_cfa_offset 24
 389              		.cfi_offset 4, -16
 390              		.cfi_offset 5, -12
 391              		.cfi_offset 6, -8
 392              		.cfi_offset 14, -4
 167:Core/Src/balance_car/raspi_link.c ****     }
 393              		.loc 1 167 16 view .LVU105
 394 004e 0020     		movs	r0, #0
 395              	.LVL33:
 167:Core/Src/balance_car/raspi_link.c ****     }
 396              		.loc 1 167 16 view .LVU106
 397 0050 00E0     		b	.L27
 398              	.L32:
 399 0052 1846     		mov	r0, r3
 400              	.LVL34:
 401              	.L27:
 402              		.loc 1 174 1 view .LVU107
 403 0054 02B0     		add	sp, sp, #8
 404              	.LCFI5:
 405              		.cfi_def_cfa_offset 16
 406              		@ sp needed
 407 0056 70BD     		pop	{r4, r5, r6, pc}
 408              		.loc 1 174 1 view .LVU108
 409              		.cfi_endproc
 410              	.LFE76:
 412              		.section	.text.RaspiLink_ParseFlag,"ax",%progbits
 413              		.align	1
 414              		.syntax unified
 415              		.thumb
 416              		.thumb_func
 418              	RaspiLink_ParseFlag:
 419              	.LVL35:
 420              	.LFB78:
 175:Core/Src/balance_car/raspi_link.c **** 
 176:Core/Src/balance_car/raspi_link.c **** static uint8_t RaspiLink_ParseUint32(const char *text, uint32_t *value)
 177:Core/Src/balance_car/raspi_link.c **** {
 178:Core/Src/balance_car/raspi_link.c ****     char *endptr;
 179:Core/Src/balance_car/raspi_link.c ****     unsigned long parsed;
 180:Core/Src/balance_car/raspi_link.c **** 
 181:Core/Src/balance_car/raspi_link.c ****     if (text == 0 || value == 0 || *text == '\0') {
 182:Core/Src/balance_car/raspi_link.c ****         return 0U;
 183:Core/Src/balance_car/raspi_link.c ****     }
 184:Core/Src/balance_car/raspi_link.c ****     parsed = strtoul(text, &endptr, 10);
 185:Core/Src/balance_car/raspi_link.c ****     if (endptr == text || *endptr != '\0') {
 186:Core/Src/balance_car/raspi_link.c ****         return 0U;
 187:Core/Src/balance_car/raspi_link.c ****     }
 188:Core/Src/balance_car/raspi_link.c ****     *value = (uint32_t)parsed;
 189:Core/Src/balance_car/raspi_link.c ****     return 1U;
 190:Core/Src/balance_car/raspi_link.c **** }
 191:Core/Src/balance_car/raspi_link.c **** 
 192:Core/Src/balance_car/raspi_link.c **** static uint8_t RaspiLink_ParseFlag(const char *text, uint8_t *value)
ARM GAS  C:\Users\future\AppData\Local\Temp\cc1ED0ni.s 			page 12


 193:Core/Src/balance_car/raspi_link.c **** {
 421              		.loc 1 193 1 is_stmt 1 view -0
 422              		.cfi_startproc
 423              		@ args = 0, pretend = 0, frame = 0
 424              		@ frame_needed = 0, uses_anonymous_args = 0
 425              		@ link register save eliminated.
 194:Core/Src/balance_car/raspi_link.c ****     if (text == 0 || value == 0 || text[1] != '\0') {
 426              		.loc 1 194 5 view .LVU110
 427              		.loc 1 194 8 is_stmt 0 view .LVU111
 428 0000 0346     		mov	r3, r0
 429 0002 78B1     		cbz	r0, .L43
 430              		.loc 1 194 19 discriminator 1 view .LVU112
 431 0004 81B1     		cbz	r1, .L44
 432              		.loc 1 194 40 discriminator 2 view .LVU113
 433 0006 4078     		ldrb	r0, [r0, #1]	@ zero_extendqisi2
 434              	.LVL36:
 435              		.loc 1 194 33 discriminator 2 view .LVU114
 436 0008 80B9     		cbnz	r0, .L45
 195:Core/Src/balance_car/raspi_link.c ****         return 0U;
 196:Core/Src/balance_car/raspi_link.c ****     }
 197:Core/Src/balance_car/raspi_link.c ****     if (text[0] == '0') {
 437              		.loc 1 197 5 is_stmt 1 view .LVU115
 438              		.loc 1 197 13 is_stmt 0 view .LVU116
 439 000a 1B78     		ldrb	r3, [r3]	@ zero_extendqisi2
 440              	.LVL37:
 441              		.loc 1 197 8 view .LVU117
 442 000c 302B     		cmp	r3, #48
 443 000e 02D0     		beq	.L46
 198:Core/Src/balance_car/raspi_link.c ****         *value = 0U;
 199:Core/Src/balance_car/raspi_link.c ****         return 1U;
 200:Core/Src/balance_car/raspi_link.c ****     }
 201:Core/Src/balance_car/raspi_link.c ****     if (text[0] == '1') {
 444              		.loc 1 201 5 is_stmt 1 view .LVU118
 445              		.loc 1 201 8 is_stmt 0 view .LVU119
 446 0010 312B     		cmp	r3, #49
 447 0012 04D0     		beq	.L47
 448              	.L41:
 202:Core/Src/balance_car/raspi_link.c ****         *value = 1U;
 203:Core/Src/balance_car/raspi_link.c ****         return 1U;
 204:Core/Src/balance_car/raspi_link.c ****     }
 205:Core/Src/balance_car/raspi_link.c ****     return 0U;
 206:Core/Src/balance_car/raspi_link.c **** }
 449              		.loc 1 206 1 view .LVU120
 450 0014 7047     		bx	lr
 451              	.L46:
 198:Core/Src/balance_car/raspi_link.c ****         *value = 0U;
 452              		.loc 1 198 9 is_stmt 1 view .LVU121
 198:Core/Src/balance_car/raspi_link.c ****         *value = 0U;
 453              		.loc 1 198 16 is_stmt 0 view .LVU122
 454 0016 0023     		movs	r3, #0
 455 0018 0B70     		strb	r3, [r1]
 199:Core/Src/balance_car/raspi_link.c ****     }
 456              		.loc 1 199 9 is_stmt 1 view .LVU123
 199:Core/Src/balance_car/raspi_link.c ****     }
 457              		.loc 1 199 16 is_stmt 0 view .LVU124
 458 001a 0120     		movs	r0, #1
 459 001c 7047     		bx	lr
ARM GAS  C:\Users\future\AppData\Local\Temp\cc1ED0ni.s 			page 13


 460              	.L47:
 202:Core/Src/balance_car/raspi_link.c ****         *value = 1U;
 461              		.loc 1 202 9 is_stmt 1 view .LVU125
 202:Core/Src/balance_car/raspi_link.c ****         *value = 1U;
 462              		.loc 1 202 16 is_stmt 0 view .LVU126
 463 001e 0120     		movs	r0, #1
 464 0020 0870     		strb	r0, [r1]
 203:Core/Src/balance_car/raspi_link.c ****     }
 465              		.loc 1 203 9 is_stmt 1 view .LVU127
 203:Core/Src/balance_car/raspi_link.c ****     }
 466              		.loc 1 203 16 is_stmt 0 view .LVU128
 467 0022 7047     		bx	lr
 468              	.LVL38:
 469              	.L43:
 195:Core/Src/balance_car/raspi_link.c ****     }
 470              		.loc 1 195 16 view .LVU129
 471 0024 0020     		movs	r0, #0
 472              	.LVL39:
 195:Core/Src/balance_car/raspi_link.c ****     }
 473              		.loc 1 195 16 view .LVU130
 474 0026 7047     		bx	lr
 475              	.LVL40:
 476              	.L44:
 195:Core/Src/balance_car/raspi_link.c ****     }
 477              		.loc 1 195 16 view .LVU131
 478 0028 0020     		movs	r0, #0
 479              	.LVL41:
 195:Core/Src/balance_car/raspi_link.c ****     }
 480              		.loc 1 195 16 view .LVU132
 481 002a 7047     		bx	lr
 482              	.L45:
 483 002c 0020     		movs	r0, #0
 484 002e F1E7     		b	.L41
 485              		.cfi_endproc
 486              	.LFE78:
 488              		.section	.text.RaspiLink_MarkInvalid,"ax",%progbits
 489              		.align	1
 490              		.syntax unified
 491              		.thumb
 492              		.thumb_func
 494              	RaspiLink_MarkInvalid:
 495              	.LVL42:
 496              	.LFB80:
 207:Core/Src/balance_car/raspi_link.c **** 
 208:Core/Src/balance_car/raspi_link.c **** static uint8_t RaspiLink_ParseFloat(const char *text, float *value)
 209:Core/Src/balance_car/raspi_link.c **** {
 210:Core/Src/balance_car/raspi_link.c ****     char *endptr;
 211:Core/Src/balance_car/raspi_link.c ****     float parsed;
 212:Core/Src/balance_car/raspi_link.c **** 
 213:Core/Src/balance_car/raspi_link.c ****     if (text == 0 || value == 0 || *text == '\0') {
 214:Core/Src/balance_car/raspi_link.c ****         return 0U;
 215:Core/Src/balance_car/raspi_link.c ****     }
 216:Core/Src/balance_car/raspi_link.c ****     parsed = strtof(text, &endptr);
 217:Core/Src/balance_car/raspi_link.c ****     if (endptr == text || *endptr != '\0') {
 218:Core/Src/balance_car/raspi_link.c ****         return 0U;
 219:Core/Src/balance_car/raspi_link.c ****     }
 220:Core/Src/balance_car/raspi_link.c ****     *value = parsed;
ARM GAS  C:\Users\future\AppData\Local\Temp\cc1ED0ni.s 			page 14


 221:Core/Src/balance_car/raspi_link.c ****     return 1U;
 222:Core/Src/balance_car/raspi_link.c **** }
 223:Core/Src/balance_car/raspi_link.c **** 
 224:Core/Src/balance_car/raspi_link.c **** static void RaspiLink_MarkInvalid(uint32_t fault)
 225:Core/Src/balance_car/raspi_link.c **** {
 497              		.loc 1 225 1 is_stmt 1 view -0
 498              		.cfi_startproc
 499              		@ args = 0, pretend = 0, frame = 0
 500              		@ frame_needed = 0, uses_anonymous_args = 0
 501              		.loc 1 225 1 is_stmt 0 view .LVU134
 502 0000 08B5     		push	{r3, lr}
 503              	.LCFI6:
 504              		.cfi_def_cfa_offset 8
 505              		.cfi_offset 3, -8
 506              		.cfi_offset 14, -4
 226:Core/Src/balance_car/raspi_link.c ****     g_raspi_link_state.invalid_frame_count++;
 507              		.loc 1 226 5 is_stmt 1 view .LVU135
 508              		.loc 1 226 23 is_stmt 0 view .LVU136
 509 0002 044B     		ldr	r3, .L50
 510 0004 9A69     		ldr	r2, [r3, #24]
 511              		.loc 1 226 43 view .LVU137
 512 0006 0132     		adds	r2, r2, #1
 513 0008 9A61     		str	r2, [r3, #24]
 227:Core/Src/balance_car/raspi_link.c ****     g_raspi_link_state.parser_error = 1U;
 514              		.loc 1 227 5 is_stmt 1 view .LVU138
 515              		.loc 1 227 37 is_stmt 0 view .LVU139
 516 000a 0122     		movs	r2, #1
 517 000c 9A70     		strb	r2, [r3, #2]
 228:Core/Src/balance_car/raspi_link.c ****     RaspiLink_SetFault(fault);
 518              		.loc 1 228 5 is_stmt 1 view .LVU140
 519 000e FFF7FEFF 		bl	RaspiLink_SetFault
 520              	.LVL43:
 229:Core/Src/balance_car/raspi_link.c **** }
 521              		.loc 1 229 1 is_stmt 0 view .LVU141
 522 0012 08BD     		pop	{r3, pc}
 523              	.L51:
 524              		.align	2
 525              	.L50:
 526 0014 00000000 		.word	g_raspi_link_state
 527              		.cfi_endproc
 528              	.LFE80:
 530              		.global	__aeabi_fsub
 531              		.global	__aeabi_fadd
 532              		.section	.text.RaspiLink_NormalizeYaw,"ax",%progbits
 533              		.align	1
 534              		.syntax unified
 535              		.thumb
 536              		.thumb_func
 538              	RaspiLink_NormalizeYaw:
 539              	.LFB83:
 230:Core/Src/balance_car/raspi_link.c **** 
 231:Core/Src/balance_car/raspi_link.c **** static void RaspiLink_ProcessLine(char *line)
 232:Core/Src/balance_car/raspi_link.c **** {
 233:Core/Src/balance_car/raspi_link.c ****     char *star;
 234:Core/Src/balance_car/raspi_link.c ****     char *payload;
 235:Core/Src/balance_car/raspi_link.c ****     char *fields[6];
 236:Core/Src/balance_car/raspi_link.c ****     uint8_t field_count = 0U;
ARM GAS  C:\Users\future\AppData\Local\Temp\cc1ED0ni.s 			page 15


 237:Core/Src/balance_car/raspi_link.c ****     uint8_t actual_checksum = 0U;
 238:Core/Src/balance_car/raspi_link.c ****     uint8_t expected_checksum;
 239:Core/Src/balance_car/raspi_link.c ****     uint32_t seq;
 240:Core/Src/balance_car/raspi_link.c ****     uint8_t enable_motion;
 241:Core/Src/balance_car/raspi_link.c ****     uint8_t obstacle_stop;
 242:Core/Src/balance_car/raspi_link.c ****     float linear_x;
 243:Core/Src/balance_car/raspi_link.c ****     float angular_z;
 244:Core/Src/balance_car/raspi_link.c ****     char *cursor;
 245:Core/Src/balance_car/raspi_link.c **** 
 246:Core/Src/balance_car/raspi_link.c ****     if (line[0] == '\0') {
 247:Core/Src/balance_car/raspi_link.c ****         return;
 248:Core/Src/balance_car/raspi_link.c ****     }
 249:Core/Src/balance_car/raspi_link.c **** 
 250:Core/Src/balance_car/raspi_link.c ****     strncpy((char *)g_raspi_link_state.last_frame, line, sizeof(g_raspi_link_state.last_frame) - 1U
 251:Core/Src/balance_car/raspi_link.c ****     g_raspi_link_state.last_frame[sizeof(g_raspi_link_state.last_frame) - 1U] = '\0';
 252:Core/Src/balance_car/raspi_link.c **** 
 253:Core/Src/balance_car/raspi_link.c ****     if (g_raspi_link_debug.enable == 0U) {
 254:Core/Src/balance_car/raspi_link.c ****         return;
 255:Core/Src/balance_car/raspi_link.c ****     }
 256:Core/Src/balance_car/raspi_link.c ****     if (line[0] != '$') {
 257:Core/Src/balance_car/raspi_link.c ****         RaspiLink_MarkInvalid(RASPI_LINK_FAULT_BAD_FRAME);
 258:Core/Src/balance_car/raspi_link.c ****         return;
 259:Core/Src/balance_car/raspi_link.c ****     }
 260:Core/Src/balance_car/raspi_link.c **** 
 261:Core/Src/balance_car/raspi_link.c ****     star = strchr(line, '*');
 262:Core/Src/balance_car/raspi_link.c ****     if (star == 0) {
 263:Core/Src/balance_car/raspi_link.c ****         RaspiLink_MarkInvalid(RASPI_LINK_FAULT_BAD_FRAME);
 264:Core/Src/balance_car/raspi_link.c ****         return;
 265:Core/Src/balance_car/raspi_link.c ****     }
 266:Core/Src/balance_car/raspi_link.c ****     *star = '\0';
 267:Core/Src/balance_car/raspi_link.c ****     if (RaspiLink_ParseChecksum(star + 1, &expected_checksum) == 0U) {
 268:Core/Src/balance_car/raspi_link.c ****         RaspiLink_MarkInvalid(RASPI_LINK_FAULT_BAD_FRAME);
 269:Core/Src/balance_car/raspi_link.c ****         return;
 270:Core/Src/balance_car/raspi_link.c ****     }
 271:Core/Src/balance_car/raspi_link.c **** 
 272:Core/Src/balance_car/raspi_link.c ****     for (cursor = line + 1; *cursor != '\0'; cursor++) {
 273:Core/Src/balance_car/raspi_link.c ****         actual_checksum ^= (uint8_t)(*cursor);
 274:Core/Src/balance_car/raspi_link.c ****     }
 275:Core/Src/balance_car/raspi_link.c ****     if (actual_checksum != expected_checksum) {
 276:Core/Src/balance_car/raspi_link.c ****         g_raspi_link_state.checksum_error_count++;
 277:Core/Src/balance_car/raspi_link.c ****         RaspiLink_MarkInvalid(RASPI_LINK_FAULT_CHECKSUM);
 278:Core/Src/balance_car/raspi_link.c ****         return;
 279:Core/Src/balance_car/raspi_link.c ****     }
 280:Core/Src/balance_car/raspi_link.c **** 
 281:Core/Src/balance_car/raspi_link.c ****     payload = line + 1;
 282:Core/Src/balance_car/raspi_link.c ****     cursor = payload;
 283:Core/Src/balance_car/raspi_link.c ****     while (field_count < 6U) {
 284:Core/Src/balance_car/raspi_link.c ****         fields[field_count++] = cursor;
 285:Core/Src/balance_car/raspi_link.c ****         cursor = strchr(cursor, ',');
 286:Core/Src/balance_car/raspi_link.c ****         if (cursor == 0) {
 287:Core/Src/balance_car/raspi_link.c ****             break;
 288:Core/Src/balance_car/raspi_link.c ****         }
 289:Core/Src/balance_car/raspi_link.c ****         *cursor = '\0';
 290:Core/Src/balance_car/raspi_link.c ****         cursor++;
 291:Core/Src/balance_car/raspi_link.c ****     }
 292:Core/Src/balance_car/raspi_link.c **** 
 293:Core/Src/balance_car/raspi_link.c ****     if (field_count != 6U || cursor != 0 || strcmp(fields[0], "BB") != 0) {
ARM GAS  C:\Users\future\AppData\Local\Temp\cc1ED0ni.s 			page 16


 294:Core/Src/balance_car/raspi_link.c ****         RaspiLink_MarkInvalid(RASPI_LINK_FAULT_BAD_FRAME);
 295:Core/Src/balance_car/raspi_link.c ****         return;
 296:Core/Src/balance_car/raspi_link.c ****     }
 297:Core/Src/balance_car/raspi_link.c ****     if (RaspiLink_ParseUint32(fields[1], &seq) == 0U ||
 298:Core/Src/balance_car/raspi_link.c ****         RaspiLink_ParseFlag(fields[2], &enable_motion) == 0U ||
 299:Core/Src/balance_car/raspi_link.c ****         RaspiLink_ParseFlag(fields[3], &obstacle_stop) == 0U ||
 300:Core/Src/balance_car/raspi_link.c ****         RaspiLink_ParseFloat(fields[4], &linear_x) == 0U ||
 301:Core/Src/balance_car/raspi_link.c ****         RaspiLink_ParseFloat(fields[5], &angular_z) == 0U) {
 302:Core/Src/balance_car/raspi_link.c ****         RaspiLink_MarkInvalid(RASPI_LINK_FAULT_BAD_FRAME);
 303:Core/Src/balance_car/raspi_link.c ****         return;
 304:Core/Src/balance_car/raspi_link.c ****     }
 305:Core/Src/balance_car/raspi_link.c **** 
 306:Core/Src/balance_car/raspi_link.c ****     linear_x = RaspiLink_Clamp(linear_x, g_raspi_link_debug.speed_limit);
 307:Core/Src/balance_car/raspi_link.c ****     angular_z = RaspiLink_Clamp(angular_z, g_raspi_link_debug.turn_limit);
 308:Core/Src/balance_car/raspi_link.c **** 
 309:Core/Src/balance_car/raspi_link.c ****     g_raspi_link_state.valid_frame_count++;
 310:Core/Src/balance_car/raspi_link.c ****     g_raspi_link_state.parser_error = 0U;
 311:Core/Src/balance_car/raspi_link.c ****     g_raspi_link_state.link_active = 1U;
 312:Core/Src/balance_car/raspi_link.c ****     g_raspi_link_state.last_rx_ms = HAL_GetTick();
 313:Core/Src/balance_car/raspi_link.c ****     g_raspi_link_state.last_seq = seq;
 314:Core/Src/balance_car/raspi_link.c ****     g_raspi_link_state.obstacle_stop = obstacle_stop;
 315:Core/Src/balance_car/raspi_link.c ****     g_raspi_link_state.linear_x_cmd = linear_x;
 316:Core/Src/balance_car/raspi_link.c ****     g_raspi_link_state.angular_z_cmd = angular_z;
 317:Core/Src/balance_car/raspi_link.c **** 
 318:Core/Src/balance_car/raspi_link.c ****     if (obstacle_stop != 0U || enable_motion == 0U) {
 319:Core/Src/balance_car/raspi_link.c ****         RaspiLink_StopMotion();
 320:Core/Src/balance_car/raspi_link.c ****         return;
 321:Core/Src/balance_car/raspi_link.c ****     }
 322:Core/Src/balance_car/raspi_link.c **** 
 323:Core/Src/balance_car/raspi_link.c ****     if (g_raspi_link_debug.allow_run_enable != 0U) {
 324:Core/Src/balance_car/raspi_link.c ****         g_balance_debug.run_enable = 1U;
 325:Core/Src/balance_car/raspi_link.c ****     }
 326:Core/Src/balance_car/raspi_link.c ****     g_balance_debug.speed_target = linear_x;
 327:Core/Src/balance_car/raspi_link.c ****     g_balance_debug.turn_target = angular_z;
 328:Core/Src/balance_car/raspi_link.c **** }
 329:Core/Src/balance_car/raspi_link.c **** 
 330:Core/Src/balance_car/raspi_link.c **** static void RaspiLink_CheckTimeout(void)
 331:Core/Src/balance_car/raspi_link.c **** {
 332:Core/Src/balance_car/raspi_link.c ****     uint32_t now;
 333:Core/Src/balance_car/raspi_link.c ****     uint32_t timeout_ms = g_raspi_link_debug.timeout_ms;
 334:Core/Src/balance_car/raspi_link.c **** 
 335:Core/Src/balance_car/raspi_link.c ****     if (g_raspi_link_debug.timeout_stop_enable == 0U || timeout_ms == 0U) {
 336:Core/Src/balance_car/raspi_link.c ****         return;
 337:Core/Src/balance_car/raspi_link.c ****     }
 338:Core/Src/balance_car/raspi_link.c ****     if (g_raspi_link_state.link_active == 0U) {
 339:Core/Src/balance_car/raspi_link.c ****         return;
 340:Core/Src/balance_car/raspi_link.c ****     }
 341:Core/Src/balance_car/raspi_link.c **** 
 342:Core/Src/balance_car/raspi_link.c ****     now = HAL_GetTick();
 343:Core/Src/balance_car/raspi_link.c ****     if ((uint32_t)(now - g_raspi_link_state.last_rx_ms) > timeout_ms) {
 344:Core/Src/balance_car/raspi_link.c ****         g_raspi_link_state.link_active = 0U;
 345:Core/Src/balance_car/raspi_link.c ****         g_raspi_link_state.timeout_count++;
 346:Core/Src/balance_car/raspi_link.c ****         RaspiLink_SetFault(RASPI_LINK_FAULT_TIMEOUT);
 347:Core/Src/balance_car/raspi_link.c ****         RaspiLink_StopMotion();
 348:Core/Src/balance_car/raspi_link.c ****     }
 349:Core/Src/balance_car/raspi_link.c **** }
 350:Core/Src/balance_car/raspi_link.c **** 
ARM GAS  C:\Users\future\AppData\Local\Temp\cc1ED0ni.s 			page 17


 351:Core/Src/balance_car/raspi_link.c **** static void RaspiLink_NormalizeYaw(void)
 352:Core/Src/balance_car/raspi_link.c **** {
 540              		.loc 1 352 1 is_stmt 1 view -0
 541              		.cfi_startproc
 542              		@ args = 0, pretend = 0, frame = 0
 543              		@ frame_needed = 0, uses_anonymous_args = 0
 544 0000 10B5     		push	{r4, lr}
 545              	.LCFI7:
 546              		.cfi_def_cfa_offset 8
 547              		.cfi_offset 4, -8
 548              		.cfi_offset 14, -4
 353:Core/Src/balance_car/raspi_link.c ****     while (g_raspi_link_state.odom_yaw_rad > RASPI_PI_F) {
 549              		.loc 1 353 5 view .LVU143
 550              		.loc 1 353 11 is_stmt 0 view .LVU144
 551 0002 05E0     		b	.L53
 552              	.L54:
 354:Core/Src/balance_car/raspi_link.c ****         g_raspi_link_state.odom_yaw_rad -= 2.0f * RASPI_PI_F;
 553              		.loc 1 354 9 is_stmt 1 view .LVU145
 554              		.loc 1 354 27 is_stmt 0 view .LVU146
 555 0004 0D4C     		ldr	r4, .L58
 556 0006 A06C     		ldr	r0, [r4, #72]	@ float
 557              		.loc 1 354 41 view .LVU147
 558 0008 0D49     		ldr	r1, .L58+4
 559 000a FFF7FEFF 		bl	__aeabi_fsub
 560              	.LVL44:
 561 000e A064     		str	r0, [r4, #72]	@ float
 562              	.L53:
 353:Core/Src/balance_car/raspi_link.c ****     while (g_raspi_link_state.odom_yaw_rad > RASPI_PI_F) {
 563              		.loc 1 353 44 is_stmt 1 view .LVU148
 353:Core/Src/balance_car/raspi_link.c ****     while (g_raspi_link_state.odom_yaw_rad > RASPI_PI_F) {
 564              		.loc 1 353 30 is_stmt 0 view .LVU149
 565 0010 0A4B     		ldr	r3, .L58
 566 0012 986C     		ldr	r0, [r3, #72]	@ float
 353:Core/Src/balance_car/raspi_link.c ****     while (g_raspi_link_state.odom_yaw_rad > RASPI_PI_F) {
 567              		.loc 1 353 44 view .LVU150
 568 0014 0B49     		ldr	r1, .L58+8
 569 0016 FFF7FEFF 		bl	__aeabi_fcmpgt
 570              	.LVL45:
 571 001a 0028     		cmp	r0, #0
 572 001c F2D1     		bne	.L54
 573 001e 05E0     		b	.L55
 574              	.L56:
 355:Core/Src/balance_car/raspi_link.c ****     }
 356:Core/Src/balance_car/raspi_link.c ****     while (g_raspi_link_state.odom_yaw_rad < -RASPI_PI_F) {
 357:Core/Src/balance_car/raspi_link.c ****         g_raspi_link_state.odom_yaw_rad += 2.0f * RASPI_PI_F;
 575              		.loc 1 357 9 is_stmt 1 view .LVU151
 576              		.loc 1 357 27 is_stmt 0 view .LVU152
 577 0020 064C     		ldr	r4, .L58
 578 0022 A06C     		ldr	r0, [r4, #72]	@ float
 579              		.loc 1 357 41 view .LVU153
 580 0024 0649     		ldr	r1, .L58+4
 581 0026 FFF7FEFF 		bl	__aeabi_fadd
 582              	.LVL46:
 583 002a A064     		str	r0, [r4, #72]	@ float
 584              	.L55:
 356:Core/Src/balance_car/raspi_link.c ****         g_raspi_link_state.odom_yaw_rad += 2.0f * RASPI_PI_F;
 585              		.loc 1 356 44 is_stmt 1 view .LVU154
ARM GAS  C:\Users\future\AppData\Local\Temp\cc1ED0ni.s 			page 18


 356:Core/Src/balance_car/raspi_link.c ****         g_raspi_link_state.odom_yaw_rad += 2.0f * RASPI_PI_F;
 586              		.loc 1 356 30 is_stmt 0 view .LVU155
 587 002c 034B     		ldr	r3, .L58
 588 002e 986C     		ldr	r0, [r3, #72]	@ float
 356:Core/Src/balance_car/raspi_link.c ****         g_raspi_link_state.odom_yaw_rad += 2.0f * RASPI_PI_F;
 589              		.loc 1 356 44 view .LVU156
 590 0030 0549     		ldr	r1, .L58+12
 591 0032 FFF7FEFF 		bl	__aeabi_fcmplt
 592              	.LVL47:
 593 0036 0028     		cmp	r0, #0
 594 0038 F2D1     		bne	.L56
 358:Core/Src/balance_car/raspi_link.c ****     }
 359:Core/Src/balance_car/raspi_link.c **** }
 595              		.loc 1 359 1 view .LVU157
 596 003a 10BD     		pop	{r4, pc}
 597              	.L59:
 598              		.align	2
 599              	.L58:
 600 003c 00000000 		.word	g_raspi_link_state
 601 0040 DA0FC940 		.word	1086918618
 602 0044 DA0F4940 		.word	1078530010
 603 0048 DA0F49C0 		.word	-1068953638
 604              		.cfi_endproc
 605              	.LFE83:
 607              		.section	.text.RaspiLink_CheckTimeout,"ax",%progbits
 608              		.align	1
 609              		.syntax unified
 610              		.thumb
 611              		.thumb_func
 613              	RaspiLink_CheckTimeout:
 614              	.LFB82:
 331:Core/Src/balance_car/raspi_link.c ****     uint32_t now;
 615              		.loc 1 331 1 is_stmt 1 view -0
 616              		.cfi_startproc
 617              		@ args = 0, pretend = 0, frame = 0
 618              		@ frame_needed = 0, uses_anonymous_args = 0
 619 0000 10B5     		push	{r4, lr}
 620              	.LCFI8:
 621              		.cfi_def_cfa_offset 8
 622              		.cfi_offset 4, -8
 623              		.cfi_offset 14, -4
 332:Core/Src/balance_car/raspi_link.c ****     uint32_t timeout_ms = g_raspi_link_debug.timeout_ms;
 624              		.loc 1 332 5 view .LVU159
 333:Core/Src/balance_car/raspi_link.c **** 
 625              		.loc 1 333 5 view .LVU160
 333:Core/Src/balance_car/raspi_link.c **** 
 626              		.loc 1 333 14 is_stmt 0 view .LVU161
 627 0002 0E4B     		ldr	r3, .L64
 628 0004 1C69     		ldr	r4, [r3, #16]
 629              	.LVL48:
 335:Core/Src/balance_car/raspi_link.c ****         return;
 630              		.loc 1 335 5 is_stmt 1 view .LVU162
 335:Core/Src/balance_car/raspi_link.c ****         return;
 631              		.loc 1 335 27 is_stmt 0 view .LVU163
 632 0006 5B78     		ldrb	r3, [r3, #1]	@ zero_extendqisi2
 335:Core/Src/balance_car/raspi_link.c ****         return;
 633              		.loc 1 335 8 view .LVU164
ARM GAS  C:\Users\future\AppData\Local\Temp\cc1ED0ni.s 			page 19


 634 0008 1BB1     		cbz	r3, .L60
 335:Core/Src/balance_car/raspi_link.c ****         return;
 635              		.loc 1 335 54 discriminator 1 view .LVU165
 636 000a 14B1     		cbz	r4, .L60
 338:Core/Src/balance_car/raspi_link.c ****         return;
 637              		.loc 1 338 5 is_stmt 1 view .LVU166
 338:Core/Src/balance_car/raspi_link.c ****         return;
 638              		.loc 1 338 27 is_stmt 0 view .LVU167
 639 000c 0C4B     		ldr	r3, .L64+4
 640 000e 1B78     		ldrb	r3, [r3]	@ zero_extendqisi2
 338:Core/Src/balance_car/raspi_link.c ****         return;
 641              		.loc 1 338 8 view .LVU168
 642 0010 03B9     		cbnz	r3, .L63
 643              	.L60:
 349:Core/Src/balance_car/raspi_link.c **** 
 644              		.loc 1 349 1 view .LVU169
 645 0012 10BD     		pop	{r4, pc}
 646              	.LVL49:
 647              	.L63:
 342:Core/Src/balance_car/raspi_link.c ****     if ((uint32_t)(now - g_raspi_link_state.last_rx_ms) > timeout_ms) {
 648              		.loc 1 342 5 is_stmt 1 view .LVU170
 342:Core/Src/balance_car/raspi_link.c ****     if ((uint32_t)(now - g_raspi_link_state.last_rx_ms) > timeout_ms) {
 649              		.loc 1 342 11 is_stmt 0 view .LVU171
 650 0014 FFF7FEFF 		bl	HAL_GetTick
 651              	.LVL50:
 343:Core/Src/balance_car/raspi_link.c ****         g_raspi_link_state.link_active = 0U;
 652              		.loc 1 343 5 is_stmt 1 view .LVU172
 343:Core/Src/balance_car/raspi_link.c ****         g_raspi_link_state.link_active = 0U;
 653              		.loc 1 343 44 is_stmt 0 view .LVU173
 654 0018 094B     		ldr	r3, .L64+4
 655 001a 5B6A     		ldr	r3, [r3, #36]
 343:Core/Src/balance_car/raspi_link.c ****         g_raspi_link_state.link_active = 0U;
 656              		.loc 1 343 24 view .LVU174
 657 001c C01A     		subs	r0, r0, r3
 658              	.LVL51:
 343:Core/Src/balance_car/raspi_link.c ****         g_raspi_link_state.link_active = 0U;
 659              		.loc 1 343 8 view .LVU175
 660 001e A042     		cmp	r0, r4
 661 0020 F7D9     		bls	.L60
 344:Core/Src/balance_car/raspi_link.c ****         g_raspi_link_state.timeout_count++;
 662              		.loc 1 344 9 is_stmt 1 view .LVU176
 344:Core/Src/balance_car/raspi_link.c ****         g_raspi_link_state.timeout_count++;
 663              		.loc 1 344 40 is_stmt 0 view .LVU177
 664 0022 074B     		ldr	r3, .L64+4
 665 0024 0022     		movs	r2, #0
 666 0026 1A70     		strb	r2, [r3]
 345:Core/Src/balance_car/raspi_link.c ****         RaspiLink_SetFault(RASPI_LINK_FAULT_TIMEOUT);
 667              		.loc 1 345 9 is_stmt 1 view .LVU178
 345:Core/Src/balance_car/raspi_link.c ****         RaspiLink_SetFault(RASPI_LINK_FAULT_TIMEOUT);
 668              		.loc 1 345 27 is_stmt 0 view .LVU179
 669 0028 1A6A     		ldr	r2, [r3, #32]
 345:Core/Src/balance_car/raspi_link.c ****         RaspiLink_SetFault(RASPI_LINK_FAULT_TIMEOUT);
 670              		.loc 1 345 41 view .LVU180
 671 002a 0132     		adds	r2, r2, #1
 672 002c 1A62     		str	r2, [r3, #32]
 346:Core/Src/balance_car/raspi_link.c ****         RaspiLink_StopMotion();
 673              		.loc 1 346 9 is_stmt 1 view .LVU181
ARM GAS  C:\Users\future\AppData\Local\Temp\cc1ED0ni.s 			page 20


 674 002e 2020     		movs	r0, #32
 675 0030 FFF7FEFF 		bl	RaspiLink_SetFault
 676              	.LVL52:
 347:Core/Src/balance_car/raspi_link.c ****     }
 677              		.loc 1 347 9 view .LVU182
 678 0034 FFF7FEFF 		bl	RaspiLink_StopMotion
 679              	.LVL53:
 680 0038 EBE7     		b	.L60
 681              	.L65:
 682 003a 00BF     		.align	2
 683              	.L64:
 684 003c 00000000 		.word	g_raspi_link_debug
 685 0040 00000000 		.word	g_raspi_link_state
 686              		.cfi_endproc
 687              	.LFE82:
 689              		.section	.text.RaspiLink_UartInit,"ax",%progbits
 690              		.align	1
 691              		.syntax unified
 692              		.thumb
 693              		.thumb_func
 695              	RaspiLink_UartInit:
 696              	.LFB73:
  90:Core/Src/balance_car/raspi_link.c ****     GPIO_InitTypeDef gpio = {0};
 697              		.loc 1 90 1 view -0
 698              		.cfi_startproc
 699              		@ args = 0, pretend = 0, frame = 32
 700              		@ frame_needed = 0, uses_anonymous_args = 0
 701 0000 70B5     		push	{r4, r5, r6, lr}
 702              	.LCFI9:
 703              		.cfi_def_cfa_offset 16
 704              		.cfi_offset 4, -16
 705              		.cfi_offset 5, -12
 706              		.cfi_offset 6, -8
 707              		.cfi_offset 14, -4
 708 0002 88B0     		sub	sp, sp, #32
 709              	.LCFI10:
 710              		.cfi_def_cfa_offset 48
  91:Core/Src/balance_car/raspi_link.c **** 
 711              		.loc 1 91 5 view .LVU184
  91:Core/Src/balance_car/raspi_link.c **** 
 712              		.loc 1 91 22 is_stmt 0 view .LVU185
 713 0004 0024     		movs	r4, #0
 714 0006 0494     		str	r4, [sp, #16]
 715 0008 0594     		str	r4, [sp, #20]
 716 000a 0694     		str	r4, [sp, #24]
 717 000c 0794     		str	r4, [sp, #28]
  93:Core/Src/balance_car/raspi_link.c ****     __HAL_RCC_AFIO_CLK_ENABLE();
 718              		.loc 1 93 5 is_stmt 1 view .LVU186
 719              	.LBB6:
  93:Core/Src/balance_car/raspi_link.c ****     __HAL_RCC_AFIO_CLK_ENABLE();
 720              		.loc 1 93 5 view .LVU187
  93:Core/Src/balance_car/raspi_link.c ****     __HAL_RCC_AFIO_CLK_ENABLE();
 721              		.loc 1 93 5 view .LVU188
 722 000e 2C4B     		ldr	r3, .L71
 723 0010 9A69     		ldr	r2, [r3, #24]
 724 0012 42F00802 		orr	r2, r2, #8
 725 0016 9A61     		str	r2, [r3, #24]
ARM GAS  C:\Users\future\AppData\Local\Temp\cc1ED0ni.s 			page 21


  93:Core/Src/balance_car/raspi_link.c ****     __HAL_RCC_AFIO_CLK_ENABLE();
 726              		.loc 1 93 5 view .LVU189
 727 0018 9A69     		ldr	r2, [r3, #24]
 728 001a 02F00802 		and	r2, r2, #8
 729 001e 0192     		str	r2, [sp, #4]
  93:Core/Src/balance_car/raspi_link.c ****     __HAL_RCC_AFIO_CLK_ENABLE();
 730              		.loc 1 93 5 view .LVU190
 731 0020 019A     		ldr	r2, [sp, #4]
 732              	.LBE6:
  93:Core/Src/balance_car/raspi_link.c ****     __HAL_RCC_AFIO_CLK_ENABLE();
 733              		.loc 1 93 5 view .LVU191
  94:Core/Src/balance_car/raspi_link.c ****     __HAL_RCC_USART1_CLK_ENABLE();
 734              		.loc 1 94 5 view .LVU192
 735              	.LBB7:
  94:Core/Src/balance_car/raspi_link.c ****     __HAL_RCC_USART1_CLK_ENABLE();
 736              		.loc 1 94 5 view .LVU193
  94:Core/Src/balance_car/raspi_link.c ****     __HAL_RCC_USART1_CLK_ENABLE();
 737              		.loc 1 94 5 view .LVU194
 738 0022 9A69     		ldr	r2, [r3, #24]
 739 0024 42F00102 		orr	r2, r2, #1
 740 0028 9A61     		str	r2, [r3, #24]
  94:Core/Src/balance_car/raspi_link.c ****     __HAL_RCC_USART1_CLK_ENABLE();
 741              		.loc 1 94 5 view .LVU195
 742 002a 9A69     		ldr	r2, [r3, #24]
 743 002c 02F00102 		and	r2, r2, #1
 744 0030 0292     		str	r2, [sp, #8]
  94:Core/Src/balance_car/raspi_link.c ****     __HAL_RCC_USART1_CLK_ENABLE();
 745              		.loc 1 94 5 view .LVU196
 746 0032 029A     		ldr	r2, [sp, #8]
 747              	.LBE7:
  94:Core/Src/balance_car/raspi_link.c ****     __HAL_RCC_USART1_CLK_ENABLE();
 748              		.loc 1 94 5 view .LVU197
  95:Core/Src/balance_car/raspi_link.c ****     __HAL_AFIO_REMAP_USART1_ENABLE();
 749              		.loc 1 95 5 view .LVU198
 750              	.LBB8:
  95:Core/Src/balance_car/raspi_link.c ****     __HAL_AFIO_REMAP_USART1_ENABLE();
 751              		.loc 1 95 5 view .LVU199
  95:Core/Src/balance_car/raspi_link.c ****     __HAL_AFIO_REMAP_USART1_ENABLE();
 752              		.loc 1 95 5 view .LVU200
 753 0034 9A69     		ldr	r2, [r3, #24]
 754 0036 42F48042 		orr	r2, r2, #16384
 755 003a 9A61     		str	r2, [r3, #24]
  95:Core/Src/balance_car/raspi_link.c ****     __HAL_AFIO_REMAP_USART1_ENABLE();
 756              		.loc 1 95 5 view .LVU201
 757 003c 9B69     		ldr	r3, [r3, #24]
 758 003e 03F48043 		and	r3, r3, #16384
 759 0042 0393     		str	r3, [sp, #12]
  95:Core/Src/balance_car/raspi_link.c ****     __HAL_AFIO_REMAP_USART1_ENABLE();
 760              		.loc 1 95 5 view .LVU202
 761 0044 039B     		ldr	r3, [sp, #12]
 762              	.LBE8:
  95:Core/Src/balance_car/raspi_link.c ****     __HAL_AFIO_REMAP_USART1_ENABLE();
 763              		.loc 1 95 5 view .LVU203
  96:Core/Src/balance_car/raspi_link.c **** 
 764              		.loc 1 96 5 view .LVU204
 765              	.LBB9:
  96:Core/Src/balance_car/raspi_link.c **** 
ARM GAS  C:\Users\future\AppData\Local\Temp\cc1ED0ni.s 			page 22


 766              		.loc 1 96 5 view .LVU205
 767 0046 1F4A     		ldr	r2, .L71+4
 768 0048 5368     		ldr	r3, [r2, #4]
 769              	.LVL54:
  96:Core/Src/balance_car/raspi_link.c **** 
 770              		.loc 1 96 5 view .LVU206
  96:Core/Src/balance_car/raspi_link.c **** 
 771              		.loc 1 96 5 view .LVU207
 772 004a 43F0E063 		orr	r3, r3, #117440512
 773              	.LVL55:
  96:Core/Src/balance_car/raspi_link.c **** 
 774              		.loc 1 96 5 is_stmt 0 view .LVU208
 775 004e 43F00403 		orr	r3, r3, #4
 776              	.LVL56:
  96:Core/Src/balance_car/raspi_link.c **** 
 777              		.loc 1 96 5 is_stmt 1 view .LVU209
 778 0052 5360     		str	r3, [r2, #4]
 779              	.LBE9:
  96:Core/Src/balance_car/raspi_link.c **** 
 780              		.loc 1 96 5 view .LVU210
  98:Core/Src/balance_car/raspi_link.c ****     gpio.Mode = GPIO_MODE_AF_PP;
 781              		.loc 1 98 5 view .LVU211
  98:Core/Src/balance_car/raspi_link.c ****     gpio.Mode = GPIO_MODE_AF_PP;
 782              		.loc 1 98 14 is_stmt 0 view .LVU212
 783 0054 4023     		movs	r3, #64
 784              	.LVL57:
  98:Core/Src/balance_car/raspi_link.c ****     gpio.Mode = GPIO_MODE_AF_PP;
 785              		.loc 1 98 14 view .LVU213
 786 0056 0493     		str	r3, [sp, #16]
 787              	.LVL58:
  99:Core/Src/balance_car/raspi_link.c ****     gpio.Speed = GPIO_SPEED_FREQ_HIGH;
 788              		.loc 1 99 5 is_stmt 1 view .LVU214
  99:Core/Src/balance_car/raspi_link.c ****     gpio.Speed = GPIO_SPEED_FREQ_HIGH;
 789              		.loc 1 99 15 is_stmt 0 view .LVU215
 790 0058 0223     		movs	r3, #2
 791 005a 0593     		str	r3, [sp, #20]
 100:Core/Src/balance_car/raspi_link.c ****     HAL_GPIO_Init(RASPI_UART_TX_PORT, &gpio);
 792              		.loc 1 100 5 is_stmt 1 view .LVU216
 100:Core/Src/balance_car/raspi_link.c ****     HAL_GPIO_Init(RASPI_UART_TX_PORT, &gpio);
 793              		.loc 1 100 16 is_stmt 0 view .LVU217
 794 005c 0326     		movs	r6, #3
 795 005e 0796     		str	r6, [sp, #28]
 101:Core/Src/balance_car/raspi_link.c **** 
 796              		.loc 1 101 5 is_stmt 1 view .LVU218
 797 0060 194D     		ldr	r5, .L71+8
 798 0062 04A9     		add	r1, sp, #16
 799 0064 2846     		mov	r0, r5
 800 0066 FFF7FEFF 		bl	HAL_GPIO_Init
 801              	.LVL59:
 103:Core/Src/balance_car/raspi_link.c ****     gpio.Mode = GPIO_MODE_INPUT;
 802              		.loc 1 103 5 view .LVU219
 103:Core/Src/balance_car/raspi_link.c ****     gpio.Mode = GPIO_MODE_INPUT;
 803              		.loc 1 103 14 is_stmt 0 view .LVU220
 804 006a 8023     		movs	r3, #128
 805 006c 0493     		str	r3, [sp, #16]
 104:Core/Src/balance_car/raspi_link.c ****     gpio.Pull = GPIO_PULLUP;
 806              		.loc 1 104 5 is_stmt 1 view .LVU221
ARM GAS  C:\Users\future\AppData\Local\Temp\cc1ED0ni.s 			page 23


 104:Core/Src/balance_car/raspi_link.c ****     gpio.Pull = GPIO_PULLUP;
 807              		.loc 1 104 15 is_stmt 0 view .LVU222
 808 006e 0594     		str	r4, [sp, #20]
 105:Core/Src/balance_car/raspi_link.c ****     gpio.Speed = GPIO_SPEED_FREQ_HIGH;
 809              		.loc 1 105 5 is_stmt 1 view .LVU223
 105:Core/Src/balance_car/raspi_link.c ****     gpio.Speed = GPIO_SPEED_FREQ_HIGH;
 810              		.loc 1 105 15 is_stmt 0 view .LVU224
 811 0070 0123     		movs	r3, #1
 812 0072 0693     		str	r3, [sp, #24]
 106:Core/Src/balance_car/raspi_link.c ****     HAL_GPIO_Init(RASPI_UART_RX_PORT, &gpio);
 813              		.loc 1 106 5 is_stmt 1 view .LVU225
 106:Core/Src/balance_car/raspi_link.c ****     HAL_GPIO_Init(RASPI_UART_RX_PORT, &gpio);
 814              		.loc 1 106 16 is_stmt 0 view .LVU226
 815 0074 0796     		str	r6, [sp, #28]
 107:Core/Src/balance_car/raspi_link.c **** 
 816              		.loc 1 107 5 is_stmt 1 view .LVU227
 817 0076 04A9     		add	r1, sp, #16
 818 0078 2846     		mov	r0, r5
 819 007a FFF7FEFF 		bl	HAL_GPIO_Init
 820              	.LVL60:
 109:Core/Src/balance_car/raspi_link.c ****     s_huart_raspi.Init.BaudRate = RASPI_UART_BAUDRATE;
 821              		.loc 1 109 5 view .LVU228
 109:Core/Src/balance_car/raspi_link.c ****     s_huart_raspi.Init.BaudRate = RASPI_UART_BAUDRATE;
 822              		.loc 1 109 28 is_stmt 0 view .LVU229
 823 007e 1348     		ldr	r0, .L71+12
 824 0080 134B     		ldr	r3, .L71+16
 825 0082 0360     		str	r3, [r0]
 110:Core/Src/balance_car/raspi_link.c ****     s_huart_raspi.Init.WordLength = UART_WORDLENGTH_8B;
 826              		.loc 1 110 5 is_stmt 1 view .LVU230
 110:Core/Src/balance_car/raspi_link.c ****     s_huart_raspi.Init.WordLength = UART_WORDLENGTH_8B;
 827              		.loc 1 110 33 is_stmt 0 view .LVU231
 828 0084 4FF4E133 		mov	r3, #115200
 829 0088 4360     		str	r3, [r0, #4]
 111:Core/Src/balance_car/raspi_link.c ****     s_huart_raspi.Init.StopBits = UART_STOPBITS_1;
 830              		.loc 1 111 5 is_stmt 1 view .LVU232
 111:Core/Src/balance_car/raspi_link.c ****     s_huart_raspi.Init.StopBits = UART_STOPBITS_1;
 831              		.loc 1 111 35 is_stmt 0 view .LVU233
 832 008a 8460     		str	r4, [r0, #8]
 112:Core/Src/balance_car/raspi_link.c ****     s_huart_raspi.Init.Parity = UART_PARITY_NONE;
 833              		.loc 1 112 5 is_stmt 1 view .LVU234
 112:Core/Src/balance_car/raspi_link.c ****     s_huart_raspi.Init.Parity = UART_PARITY_NONE;
 834              		.loc 1 112 33 is_stmt 0 view .LVU235
 835 008c C460     		str	r4, [r0, #12]
 113:Core/Src/balance_car/raspi_link.c ****     s_huart_raspi.Init.Mode = UART_MODE_TX_RX;
 836              		.loc 1 113 5 is_stmt 1 view .LVU236
 113:Core/Src/balance_car/raspi_link.c ****     s_huart_raspi.Init.Mode = UART_MODE_TX_RX;
 837              		.loc 1 113 31 is_stmt 0 view .LVU237
 838 008e 0461     		str	r4, [r0, #16]
 114:Core/Src/balance_car/raspi_link.c ****     s_huart_raspi.Init.HwFlowCtl = UART_HWCONTROL_NONE;
 839              		.loc 1 114 5 is_stmt 1 view .LVU238
 114:Core/Src/balance_car/raspi_link.c ****     s_huart_raspi.Init.HwFlowCtl = UART_HWCONTROL_NONE;
 840              		.loc 1 114 29 is_stmt 0 view .LVU239
 841 0090 0C23     		movs	r3, #12
 842 0092 4361     		str	r3, [r0, #20]
 115:Core/Src/balance_car/raspi_link.c ****     s_huart_raspi.Init.OverSampling = UART_OVERSAMPLING_16;
 843              		.loc 1 115 5 is_stmt 1 view .LVU240
 115:Core/Src/balance_car/raspi_link.c ****     s_huart_raspi.Init.OverSampling = UART_OVERSAMPLING_16;
ARM GAS  C:\Users\future\AppData\Local\Temp\cc1ED0ni.s 			page 24


 844              		.loc 1 115 34 is_stmt 0 view .LVU241
 845 0094 8461     		str	r4, [r0, #24]
 116:Core/Src/balance_car/raspi_link.c **** 
 846              		.loc 1 116 5 is_stmt 1 view .LVU242
 116:Core/Src/balance_car/raspi_link.c **** 
 847              		.loc 1 116 37 is_stmt 0 view .LVU243
 848 0096 C461     		str	r4, [r0, #28]
 118:Core/Src/balance_car/raspi_link.c ****         RaspiLink_SetFault(RASPI_LINK_FAULT_UART_INIT);
 849              		.loc 1 118 5 is_stmt 1 view .LVU244
 118:Core/Src/balance_car/raspi_link.c ****         RaspiLink_SetFault(RASPI_LINK_FAULT_UART_INIT);
 850              		.loc 1 118 9 is_stmt 0 view .LVU245
 851 0098 FFF7FEFF 		bl	HAL_UART_Init
 852              	.LVL61:
 118:Core/Src/balance_car/raspi_link.c ****         RaspiLink_SetFault(RASPI_LINK_FAULT_UART_INIT);
 853              		.loc 1 118 8 discriminator 1 view .LVU246
 854 009c 58B9     		cbnz	r0, .L70
 855 009e 0446     		mov	r4, r0
 123:Core/Src/balance_car/raspi_link.c ****     HAL_NVIC_EnableIRQ(USART1_IRQn);
 856              		.loc 1 123 5 is_stmt 1 view .LVU247
 857 00a0 0122     		movs	r2, #1
 858 00a2 0221     		movs	r1, #2
 859 00a4 2520     		movs	r0, #37
 860 00a6 FFF7FEFF 		bl	HAL_NVIC_SetPriority
 861              	.LVL62:
 124:Core/Src/balance_car/raspi_link.c ****     return HAL_OK;
 862              		.loc 1 124 5 view .LVU248
 863 00aa 2520     		movs	r0, #37
 864 00ac FFF7FEFF 		bl	HAL_NVIC_EnableIRQ
 865              	.LVL63:
 125:Core/Src/balance_car/raspi_link.c **** }
 866              		.loc 1 125 5 view .LVU249
 867              	.L68:
 126:Core/Src/balance_car/raspi_link.c **** 
 868              		.loc 1 126 1 is_stmt 0 view .LVU250
 869 00b0 2046     		mov	r0, r4
 870 00b2 08B0     		add	sp, sp, #32
 871              	.LCFI11:
 872              		.cfi_remember_state
 873              		.cfi_def_cfa_offset 16
 874              		@ sp needed
 875 00b4 70BD     		pop	{r4, r5, r6, pc}
 876              	.L70:
 877              	.LCFI12:
 878              		.cfi_restore_state
 119:Core/Src/balance_car/raspi_link.c ****         return HAL_ERROR;
 879              		.loc 1 119 9 is_stmt 1 view .LVU251
 880 00b6 0120     		movs	r0, #1
 881 00b8 FFF7FEFF 		bl	RaspiLink_SetFault
 882              	.LVL64:
 120:Core/Src/balance_car/raspi_link.c ****     }
 883              		.loc 1 120 9 view .LVU252
 120:Core/Src/balance_car/raspi_link.c ****     }
 884              		.loc 1 120 16 is_stmt 0 view .LVU253
 885 00bc 0124     		movs	r4, #1
 886 00be F7E7     		b	.L68
 887              	.L72:
 888              		.align	2
ARM GAS  C:\Users\future\AppData\Local\Temp\cc1ED0ni.s 			page 25


 889              	.L71:
 890 00c0 00100240 		.word	1073876992
 891 00c4 00000140 		.word	1073807360
 892 00c8 000C0140 		.word	1073810432
 893 00cc 00000000 		.word	s_huart_raspi
 894 00d0 00380140 		.word	1073821696
 895              		.cfi_endproc
 896              	.LFE73:
 898              		.section	.text.RaspiLink_StartReceive,"ax",%progbits
 899              		.align	1
 900              		.syntax unified
 901              		.thumb
 902              		.thumb_func
 904              	RaspiLink_StartReceive:
 905              	.LFB71:
  72:Core/Src/balance_car/raspi_link.c ****     if (HAL_UART_Receive_IT(&s_huart_raspi, &s_rx_byte, 1U) != HAL_OK) {
 906              		.loc 1 72 1 is_stmt 1 view -0
 907              		.cfi_startproc
 908              		@ args = 0, pretend = 0, frame = 0
 909              		@ frame_needed = 0, uses_anonymous_args = 0
 910 0000 08B5     		push	{r3, lr}
 911              	.LCFI13:
 912              		.cfi_def_cfa_offset 8
 913              		.cfi_offset 3, -8
 914              		.cfi_offset 14, -4
  73:Core/Src/balance_car/raspi_link.c ****         RaspiLink_SetFault(RASPI_LINK_FAULT_RX_RESTART);
 915              		.loc 1 73 5 view .LVU255
  73:Core/Src/balance_car/raspi_link.c ****         RaspiLink_SetFault(RASPI_LINK_FAULT_RX_RESTART);
 916              		.loc 1 73 9 is_stmt 0 view .LVU256
 917 0002 0122     		movs	r2, #1
 918 0004 0449     		ldr	r1, .L77
 919 0006 0548     		ldr	r0, .L77+4
 920 0008 FFF7FEFF 		bl	HAL_UART_Receive_IT
 921              	.LVL65:
  73:Core/Src/balance_car/raspi_link.c ****         RaspiLink_SetFault(RASPI_LINK_FAULT_RX_RESTART);
 922              		.loc 1 73 8 discriminator 1 view .LVU257
 923 000c 00B9     		cbnz	r0, .L76
 924              	.L73:
  76:Core/Src/balance_car/raspi_link.c **** 
 925              		.loc 1 76 1 view .LVU258
 926 000e 08BD     		pop	{r3, pc}
 927              	.L76:
  74:Core/Src/balance_car/raspi_link.c ****     }
 928              		.loc 1 74 9 is_stmt 1 view .LVU259
 929 0010 0220     		movs	r0, #2
 930 0012 FFF7FEFF 		bl	RaspiLink_SetFault
 931              	.LVL66:
  76:Core/Src/balance_car/raspi_link.c **** 
 932              		.loc 1 76 1 is_stmt 0 view .LVU260
 933 0016 FAE7     		b	.L73
 934              	.L78:
 935              		.align	2
 936              	.L77:
 937 0018 00000000 		.word	s_rx_byte
 938 001c 00000000 		.word	s_huart_raspi
 939              		.cfi_endproc
 940              	.LFE71:
ARM GAS  C:\Users\future\AppData\Local\Temp\cc1ED0ni.s 			page 26


 942              		.section	.text.RaspiLink_ParseUint32,"ax",%progbits
 943              		.align	1
 944              		.syntax unified
 945              		.thumb
 946              		.thumb_func
 948              	RaspiLink_ParseUint32:
 949              	.LVL67:
 950              	.LFB77:
 177:Core/Src/balance_car/raspi_link.c ****     char *endptr;
 951              		.loc 1 177 1 is_stmt 1 view -0
 952              		.cfi_startproc
 953              		@ args = 0, pretend = 0, frame = 8
 954              		@ frame_needed = 0, uses_anonymous_args = 0
 178:Core/Src/balance_car/raspi_link.c ****     unsigned long parsed;
 955              		.loc 1 178 5 view .LVU262
 179:Core/Src/balance_car/raspi_link.c **** 
 956              		.loc 1 179 5 view .LVU263
 181:Core/Src/balance_car/raspi_link.c ****         return 0U;
 957              		.loc 1 181 5 view .LVU264
 181:Core/Src/balance_car/raspi_link.c ****         return 0U;
 958              		.loc 1 181 8 is_stmt 0 view .LVU265
 959 0000 A8B1     		cbz	r0, .L81
 177:Core/Src/balance_car/raspi_link.c ****     char *endptr;
 960              		.loc 1 177 1 view .LVU266
 961 0002 30B5     		push	{r4, r5, lr}
 962              	.LCFI14:
 963              		.cfi_def_cfa_offset 12
 964              		.cfi_offset 4, -12
 965              		.cfi_offset 5, -8
 966              		.cfi_offset 14, -4
 967 0004 83B0     		sub	sp, sp, #12
 968              	.LCFI15:
 969              		.cfi_def_cfa_offset 24
 970 0006 0C46     		mov	r4, r1
 971 0008 0546     		mov	r5, r0
 181:Core/Src/balance_car/raspi_link.c ****         return 0U;
 972              		.loc 1 181 19 discriminator 1 view .LVU267
 973 000a 91B1     		cbz	r1, .L82
 181:Core/Src/balance_car/raspi_link.c ****         return 0U;
 974              		.loc 1 181 36 discriminator 2 view .LVU268
 975 000c 0078     		ldrb	r0, [r0]	@ zero_extendqisi2
 976              	.LVL68:
 181:Core/Src/balance_car/raspi_link.c ****         return 0U;
 977              		.loc 1 181 33 discriminator 2 view .LVU269
 978 000e 08B9     		cbnz	r0, .L89
 979              	.LVL69:
 980              	.L80:
 190:Core/Src/balance_car/raspi_link.c **** 
 981              		.loc 1 190 1 view .LVU270
 982 0010 03B0     		add	sp, sp, #12
 983              	.LCFI16:
 984              		.cfi_remember_state
 985              		.cfi_def_cfa_offset 12
 986              		@ sp needed
 987 0012 30BD     		pop	{r4, r5, pc}
 988              	.LVL70:
 989              	.L89:
ARM GAS  C:\Users\future\AppData\Local\Temp\cc1ED0ni.s 			page 27


 990              	.LCFI17:
 991              		.cfi_restore_state
 184:Core/Src/balance_car/raspi_link.c ****     if (endptr == text || *endptr != '\0') {
 992              		.loc 1 184 5 is_stmt 1 view .LVU271
 184:Core/Src/balance_car/raspi_link.c ****     if (endptr == text || *endptr != '\0') {
 993              		.loc 1 184 14 is_stmt 0 view .LVU272
 994 0014 0A22     		movs	r2, #10
 995 0016 01A9     		add	r1, sp, #4
 996              	.LVL71:
 184:Core/Src/balance_car/raspi_link.c ****     if (endptr == text || *endptr != '\0') {
 997              		.loc 1 184 14 view .LVU273
 998 0018 2846     		mov	r0, r5
 999 001a FFF7FEFF 		bl	strtoul
 1000              	.LVL72:
 185:Core/Src/balance_car/raspi_link.c ****         return 0U;
 1001              		.loc 1 185 5 is_stmt 1 view .LVU274
 185:Core/Src/balance_car/raspi_link.c ****         return 0U;
 1002              		.loc 1 185 16 is_stmt 0 view .LVU275
 1003 001e 019B     		ldr	r3, [sp, #4]
 185:Core/Src/balance_car/raspi_link.c ****         return 0U;
 1004              		.loc 1 185 8 view .LVU276
 1005 0020 AB42     		cmp	r3, r5
 1006 0022 08D0     		beq	.L83
 185:Core/Src/balance_car/raspi_link.c ****         return 0U;
 1007              		.loc 1 185 27 discriminator 1 view .LVU277
 1008 0024 1B78     		ldrb	r3, [r3]	@ zero_extendqisi2
 185:Core/Src/balance_car/raspi_link.c ****         return 0U;
 1009              		.loc 1 185 24 discriminator 1 view .LVU278
 1010 0026 43B9     		cbnz	r3, .L84
 188:Core/Src/balance_car/raspi_link.c ****     return 1U;
 1011              		.loc 1 188 5 is_stmt 1 view .LVU279
 188:Core/Src/balance_car/raspi_link.c ****     return 1U;
 1012              		.loc 1 188 12 is_stmt 0 view .LVU280
 1013 0028 2060     		str	r0, [r4]
 189:Core/Src/balance_car/raspi_link.c **** }
 1014              		.loc 1 189 5 is_stmt 1 view .LVU281
 189:Core/Src/balance_car/raspi_link.c **** }
 1015              		.loc 1 189 12 is_stmt 0 view .LVU282
 1016 002a 0120     		movs	r0, #1
 1017              	.LVL73:
 189:Core/Src/balance_car/raspi_link.c **** }
 1018              		.loc 1 189 12 view .LVU283
 1019 002c F0E7     		b	.L80
 1020              	.LVL74:
 1021              	.L81:
 1022              	.LCFI18:
 1023              		.cfi_def_cfa_offset 0
 1024              		.cfi_restore 4
 1025              		.cfi_restore 5
 1026              		.cfi_restore 14
 182:Core/Src/balance_car/raspi_link.c ****     }
 1027              		.loc 1 182 16 view .LVU284
 1028 002e 0020     		movs	r0, #0
 1029              	.LVL75:
 190:Core/Src/balance_car/raspi_link.c **** 
 1030              		.loc 1 190 1 view .LVU285
 1031 0030 7047     		bx	lr
ARM GAS  C:\Users\future\AppData\Local\Temp\cc1ED0ni.s 			page 28


 1032              	.LVL76:
 1033              	.L82:
 1034              	.LCFI19:
 1035              		.cfi_def_cfa_offset 24
 1036              		.cfi_offset 4, -12
 1037              		.cfi_offset 5, -8
 1038              		.cfi_offset 14, -4
 182:Core/Src/balance_car/raspi_link.c ****     }
 1039              		.loc 1 182 16 view .LVU286
 1040 0032 0020     		movs	r0, #0
 1041              	.LVL77:
 182:Core/Src/balance_car/raspi_link.c ****     }
 1042              		.loc 1 182 16 view .LVU287
 1043 0034 ECE7     		b	.L80
 1044              	.LVL78:
 1045              	.L83:
 186:Core/Src/balance_car/raspi_link.c ****     }
 1046              		.loc 1 186 16 view .LVU288
 1047 0036 0020     		movs	r0, #0
 1048              	.LVL79:
 186:Core/Src/balance_car/raspi_link.c ****     }
 1049              		.loc 1 186 16 view .LVU289
 1050 0038 EAE7     		b	.L80
 1051              	.LVL80:
 1052              	.L84:
 186:Core/Src/balance_car/raspi_link.c ****     }
 1053              		.loc 1 186 16 view .LVU290
 1054 003a 0020     		movs	r0, #0
 1055              	.LVL81:
 186:Core/Src/balance_car/raspi_link.c ****     }
 1056              		.loc 1 186 16 view .LVU291
 1057 003c E8E7     		b	.L80
 1058              		.cfi_endproc
 1059              	.LFE77:
 1061              		.section	.text.RaspiLink_ParseFloat,"ax",%progbits
 1062              		.align	1
 1063              		.syntax unified
 1064              		.thumb
 1065              		.thumb_func
 1067              	RaspiLink_ParseFloat:
 1068              	.LVL82:
 1069              	.LFB79:
 209:Core/Src/balance_car/raspi_link.c ****     char *endptr;
 1070              		.loc 1 209 1 is_stmt 1 view -0
 1071              		.cfi_startproc
 1072              		@ args = 0, pretend = 0, frame = 8
 1073              		@ frame_needed = 0, uses_anonymous_args = 0
 210:Core/Src/balance_car/raspi_link.c ****     float parsed;
 1074              		.loc 1 210 5 view .LVU293
 211:Core/Src/balance_car/raspi_link.c **** 
 1075              		.loc 1 211 5 view .LVU294
 213:Core/Src/balance_car/raspi_link.c ****         return 0U;
 1076              		.loc 1 213 5 view .LVU295
 213:Core/Src/balance_car/raspi_link.c ****         return 0U;
 1077              		.loc 1 213 8 is_stmt 0 view .LVU296
 1078 0000 A0B1     		cbz	r0, .L92
 209:Core/Src/balance_car/raspi_link.c ****     char *endptr;
ARM GAS  C:\Users\future\AppData\Local\Temp\cc1ED0ni.s 			page 29


 1079              		.loc 1 209 1 view .LVU297
 1080 0002 30B5     		push	{r4, r5, lr}
 1081              	.LCFI20:
 1082              		.cfi_def_cfa_offset 12
 1083              		.cfi_offset 4, -12
 1084              		.cfi_offset 5, -8
 1085              		.cfi_offset 14, -4
 1086 0004 83B0     		sub	sp, sp, #12
 1087              	.LCFI21:
 1088              		.cfi_def_cfa_offset 24
 1089 0006 0C46     		mov	r4, r1
 1090 0008 0546     		mov	r5, r0
 213:Core/Src/balance_car/raspi_link.c ****         return 0U;
 1091              		.loc 1 213 19 discriminator 1 view .LVU298
 1092 000a 89B1     		cbz	r1, .L93
 213:Core/Src/balance_car/raspi_link.c ****         return 0U;
 1093              		.loc 1 213 36 discriminator 2 view .LVU299
 1094 000c 0078     		ldrb	r0, [r0]	@ zero_extendqisi2
 1095              	.LVL83:
 213:Core/Src/balance_car/raspi_link.c ****         return 0U;
 1096              		.loc 1 213 33 discriminator 2 view .LVU300
 1097 000e 08B9     		cbnz	r0, .L100
 1098              	.LVL84:
 1099              	.L91:
 222:Core/Src/balance_car/raspi_link.c **** 
 1100              		.loc 1 222 1 view .LVU301
 1101 0010 03B0     		add	sp, sp, #12
 1102              	.LCFI22:
 1103              		.cfi_remember_state
 1104              		.cfi_def_cfa_offset 12
 1105              		@ sp needed
 1106 0012 30BD     		pop	{r4, r5, pc}
 1107              	.LVL85:
 1108              	.L100:
 1109              	.LCFI23:
 1110              		.cfi_restore_state
 216:Core/Src/balance_car/raspi_link.c ****     if (endptr == text || *endptr != '\0') {
 1111              		.loc 1 216 5 is_stmt 1 view .LVU302
 216:Core/Src/balance_car/raspi_link.c ****     if (endptr == text || *endptr != '\0') {
 1112              		.loc 1 216 14 is_stmt 0 view .LVU303
 1113 0014 01A9     		add	r1, sp, #4
 1114              	.LVL86:
 216:Core/Src/balance_car/raspi_link.c ****     if (endptr == text || *endptr != '\0') {
 1115              		.loc 1 216 14 view .LVU304
 1116 0016 2846     		mov	r0, r5
 1117 0018 FFF7FEFF 		bl	strtof
 1118              	.LVL87:
 217:Core/Src/balance_car/raspi_link.c ****         return 0U;
 1119              		.loc 1 217 5 is_stmt 1 view .LVU305
 217:Core/Src/balance_car/raspi_link.c ****         return 0U;
 1120              		.loc 1 217 16 is_stmt 0 view .LVU306
 1121 001c 019B     		ldr	r3, [sp, #4]
 217:Core/Src/balance_car/raspi_link.c ****         return 0U;
 1122              		.loc 1 217 8 view .LVU307
 1123 001e AB42     		cmp	r3, r5
 1124 0020 08D0     		beq	.L94
 217:Core/Src/balance_car/raspi_link.c ****         return 0U;
ARM GAS  C:\Users\future\AppData\Local\Temp\cc1ED0ni.s 			page 30


 1125              		.loc 1 217 27 discriminator 1 view .LVU308
 1126 0022 1B78     		ldrb	r3, [r3]	@ zero_extendqisi2
 217:Core/Src/balance_car/raspi_link.c ****         return 0U;
 1127              		.loc 1 217 24 discriminator 1 view .LVU309
 1128 0024 43B9     		cbnz	r3, .L95
 220:Core/Src/balance_car/raspi_link.c ****     return 1U;
 1129              		.loc 1 220 5 is_stmt 1 view .LVU310
 220:Core/Src/balance_car/raspi_link.c ****     return 1U;
 1130              		.loc 1 220 12 is_stmt 0 view .LVU311
 1131 0026 2060     		str	r0, [r4]	@ float
 221:Core/Src/balance_car/raspi_link.c **** }
 1132              		.loc 1 221 5 is_stmt 1 view .LVU312
 221:Core/Src/balance_car/raspi_link.c **** }
 1133              		.loc 1 221 12 is_stmt 0 view .LVU313
 1134 0028 0120     		movs	r0, #1
 1135              	.LVL88:
 221:Core/Src/balance_car/raspi_link.c **** }
 1136              		.loc 1 221 12 view .LVU314
 1137 002a F1E7     		b	.L91
 1138              	.LVL89:
 1139              	.L92:
 1140              	.LCFI24:
 1141              		.cfi_def_cfa_offset 0
 1142              		.cfi_restore 4
 1143              		.cfi_restore 5
 1144              		.cfi_restore 14
 214:Core/Src/balance_car/raspi_link.c ****     }
 1145              		.loc 1 214 16 view .LVU315
 1146 002c 0020     		movs	r0, #0
 1147              	.LVL90:
 222:Core/Src/balance_car/raspi_link.c **** 
 1148              		.loc 1 222 1 view .LVU316
 1149 002e 7047     		bx	lr
 1150              	.LVL91:
 1151              	.L93:
 1152              	.LCFI25:
 1153              		.cfi_def_cfa_offset 24
 1154              		.cfi_offset 4, -12
 1155              		.cfi_offset 5, -8
 1156              		.cfi_offset 14, -4
 214:Core/Src/balance_car/raspi_link.c ****     }
 1157              		.loc 1 214 16 view .LVU317
 1158 0030 0020     		movs	r0, #0
 1159              	.LVL92:
 214:Core/Src/balance_car/raspi_link.c ****     }
 1160              		.loc 1 214 16 view .LVU318
 1161 0032 EDE7     		b	.L91
 1162              	.LVL93:
 1163              	.L94:
 218:Core/Src/balance_car/raspi_link.c ****     }
 1164              		.loc 1 218 16 view .LVU319
 1165 0034 0020     		movs	r0, #0
 1166              	.LVL94:
 218:Core/Src/balance_car/raspi_link.c ****     }
 1167              		.loc 1 218 16 view .LVU320
 1168 0036 EBE7     		b	.L91
 1169              	.LVL95:
ARM GAS  C:\Users\future\AppData\Local\Temp\cc1ED0ni.s 			page 31


 1170              	.L95:
 218:Core/Src/balance_car/raspi_link.c ****     }
 1171              		.loc 1 218 16 view .LVU321
 1172 0038 0020     		movs	r0, #0
 1173              	.LVL96:
 218:Core/Src/balance_car/raspi_link.c ****     }
 1174              		.loc 1 218 16 view .LVU322
 1175 003a E9E7     		b	.L91
 1176              		.cfi_endproc
 1177              	.LFE79:
 1179              		.section	.rodata.RaspiLink_ProcessLine.str1.4,"aMS",%progbits,1
 1180              		.align	2
 1181              	.LC0:
 1182 0000 424200   		.ascii	"BB\000"
 1183              		.section	.text.RaspiLink_ProcessLine,"ax",%progbits
 1184              		.align	1
 1185              		.syntax unified
 1186              		.thumb
 1187              		.thumb_func
 1189              	RaspiLink_ProcessLine:
 1190              	.LVL97:
 1191              	.LFB81:
 232:Core/Src/balance_car/raspi_link.c ****     char *star;
 1192              		.loc 1 232 1 is_stmt 1 view -0
 1193              		.cfi_startproc
 1194              		@ args = 0, pretend = 0, frame = 48
 1195              		@ frame_needed = 0, uses_anonymous_args = 0
 233:Core/Src/balance_car/raspi_link.c ****     char *payload;
 1196              		.loc 1 233 5 view .LVU324
 234:Core/Src/balance_car/raspi_link.c ****     char *fields[6];
 1197              		.loc 1 234 5 view .LVU325
 235:Core/Src/balance_car/raspi_link.c ****     uint8_t field_count = 0U;
 1198              		.loc 1 235 5 view .LVU326
 236:Core/Src/balance_car/raspi_link.c ****     uint8_t actual_checksum = 0U;
 1199              		.loc 1 236 5 view .LVU327
 237:Core/Src/balance_car/raspi_link.c ****     uint8_t expected_checksum;
 1200              		.loc 1 237 5 view .LVU328
 238:Core/Src/balance_car/raspi_link.c ****     uint32_t seq;
 1201              		.loc 1 238 5 view .LVU329
 239:Core/Src/balance_car/raspi_link.c ****     uint8_t enable_motion;
 1202              		.loc 1 239 5 view .LVU330
 240:Core/Src/balance_car/raspi_link.c ****     uint8_t obstacle_stop;
 1203              		.loc 1 240 5 view .LVU331
 241:Core/Src/balance_car/raspi_link.c ****     float linear_x;
 1204              		.loc 1 241 5 view .LVU332
 242:Core/Src/balance_car/raspi_link.c ****     float angular_z;
 1205              		.loc 1 242 5 view .LVU333
 243:Core/Src/balance_car/raspi_link.c ****     char *cursor;
 1206              		.loc 1 243 5 view .LVU334
 244:Core/Src/balance_car/raspi_link.c **** 
 1207              		.loc 1 244 5 view .LVU335
 246:Core/Src/balance_car/raspi_link.c ****         return;
 1208              		.loc 1 246 5 view .LVU336
 246:Core/Src/balance_car/raspi_link.c ****         return;
 1209              		.loc 1 246 13 is_stmt 0 view .LVU337
 1210 0000 0378     		ldrb	r3, [r0]	@ zero_extendqisi2
 246:Core/Src/balance_car/raspi_link.c ****         return;
ARM GAS  C:\Users\future\AppData\Local\Temp\cc1ED0ni.s 			page 32


 1211              		.loc 1 246 8 view .LVU338
 1212 0002 03B9     		cbnz	r3, .L124
 1213 0004 7047     		bx	lr
 1214              	.L124:
 232:Core/Src/balance_car/raspi_link.c ****     char *star;
 1215              		.loc 1 232 1 view .LVU339
 1216 0006 30B5     		push	{r4, r5, lr}
 1217              	.LCFI26:
 1218              		.cfi_def_cfa_offset 12
 1219              		.cfi_offset 4, -12
 1220              		.cfi_offset 5, -8
 1221              		.cfi_offset 14, -4
 1222 0008 8DB0     		sub	sp, sp, #52
 1223              	.LCFI27:
 1224              		.cfi_def_cfa_offset 64
 1225 000a 0446     		mov	r4, r0
 250:Core/Src/balance_car/raspi_link.c ****     g_raspi_link_state.last_frame[sizeof(g_raspi_link_state.last_frame) - 1U] = '\0';
 1226              		.loc 1 250 5 is_stmt 1 view .LVU340
 1227 000c 584D     		ldr	r5, .L131
 1228 000e 4F22     		movs	r2, #79
 1229 0010 0146     		mov	r1, r0
 1230 0012 2846     		mov	r0, r5
 1231              	.LVL98:
 250:Core/Src/balance_car/raspi_link.c ****     g_raspi_link_state.last_frame[sizeof(g_raspi_link_state.last_frame) - 1U] = '\0';
 1232              		.loc 1 250 5 is_stmt 0 view .LVU341
 1233 0014 FFF7FEFF 		bl	strncpy
 1234              	.LVL99:
 251:Core/Src/balance_car/raspi_link.c **** 
 1235              		.loc 1 251 5 is_stmt 1 view .LVU342
 251:Core/Src/balance_car/raspi_link.c **** 
 1236              		.loc 1 251 79 is_stmt 0 view .LVU343
 1237 0018 0023     		movs	r3, #0
 1238 001a 85F84F30 		strb	r3, [r5, #79]
 253:Core/Src/balance_car/raspi_link.c ****         return;
 1239              		.loc 1 253 5 is_stmt 1 view .LVU344
 253:Core/Src/balance_car/raspi_link.c ****         return;
 1240              		.loc 1 253 27 is_stmt 0 view .LVU345
 1241 001e 554B     		ldr	r3, .L131+4
 1242 0020 1B78     		ldrb	r3, [r3]	@ zero_extendqisi2
 253:Core/Src/balance_car/raspi_link.c ****         return;
 1243              		.loc 1 253 8 view .LVU346
 1244 0022 B3B1     		cbz	r3, .L101
 256:Core/Src/balance_car/raspi_link.c ****         RaspiLink_MarkInvalid(RASPI_LINK_FAULT_BAD_FRAME);
 1245              		.loc 1 256 5 is_stmt 1 view .LVU347
 256:Core/Src/balance_car/raspi_link.c ****         RaspiLink_MarkInvalid(RASPI_LINK_FAULT_BAD_FRAME);
 1246              		.loc 1 256 13 is_stmt 0 view .LVU348
 1247 0024 2378     		ldrb	r3, [r4]	@ zero_extendqisi2
 256:Core/Src/balance_car/raspi_link.c ****         RaspiLink_MarkInvalid(RASPI_LINK_FAULT_BAD_FRAME);
 1248              		.loc 1 256 8 view .LVU349
 1249 0026 242B     		cmp	r3, #36
 1250 0028 10D1     		bne	.L125
 261:Core/Src/balance_car/raspi_link.c ****     if (star == 0) {
 1251              		.loc 1 261 5 is_stmt 1 view .LVU350
 261:Core/Src/balance_car/raspi_link.c ****     if (star == 0) {
 1252              		.loc 1 261 12 is_stmt 0 view .LVU351
 1253 002a 2A21     		movs	r1, #42
 1254 002c 2046     		mov	r0, r4
ARM GAS  C:\Users\future\AppData\Local\Temp\cc1ED0ni.s 			page 33


 1255 002e FFF7FEFF 		bl	strchr
 1256              	.LVL100:
 262:Core/Src/balance_car/raspi_link.c ****         RaspiLink_MarkInvalid(RASPI_LINK_FAULT_BAD_FRAME);
 1257              		.loc 1 262 5 is_stmt 1 view .LVU352
 262:Core/Src/balance_car/raspi_link.c ****         RaspiLink_MarkInvalid(RASPI_LINK_FAULT_BAD_FRAME);
 1258              		.loc 1 262 8 is_stmt 0 view .LVU353
 1259 0032 80B1     		cbz	r0, .L126
 266:Core/Src/balance_car/raspi_link.c ****     if (RaspiLink_ParseChecksum(star + 1, &expected_checksum) == 0U) {
 1260              		.loc 1 266 5 is_stmt 1 view .LVU354
 266:Core/Src/balance_car/raspi_link.c ****     if (RaspiLink_ParseChecksum(star + 1, &expected_checksum) == 0U) {
 1261              		.loc 1 266 11 is_stmt 0 view .LVU355
 1262 0034 0023     		movs	r3, #0
 1263 0036 00F8013B 		strb	r3, [r0], #1
 1264              	.LVL101:
 267:Core/Src/balance_car/raspi_link.c ****         RaspiLink_MarkInvalid(RASPI_LINK_FAULT_BAD_FRAME);
 1265              		.loc 1 267 5 is_stmt 1 view .LVU356
 267:Core/Src/balance_car/raspi_link.c ****         RaspiLink_MarkInvalid(RASPI_LINK_FAULT_BAD_FRAME);
 1266              		.loc 1 267 9 is_stmt 0 view .LVU357
 1267 003a 0DF11701 		add	r1, sp, #23
 1268 003e FFF7FEFF 		bl	RaspiLink_ParseChecksum
 1269              	.LVL102:
 267:Core/Src/balance_car/raspi_link.c ****         RaspiLink_MarkInvalid(RASPI_LINK_FAULT_BAD_FRAME);
 1270              		.loc 1 267 8 discriminator 1 view .LVU358
 1271 0042 60B1     		cbz	r0, .L127
 272:Core/Src/balance_car/raspi_link.c ****         actual_checksum ^= (uint8_t)(*cursor);
 1272              		.loc 1 272 5 is_stmt 1 view .LVU359
 272:Core/Src/balance_car/raspi_link.c ****         actual_checksum ^= (uint8_t)(*cursor);
 1273              		.loc 1 272 17 is_stmt 0 view .LVU360
 1274 0044 0134     		adds	r4, r4, #1
 1275              	.LVL103:
 272:Core/Src/balance_car/raspi_link.c ****         actual_checksum ^= (uint8_t)(*cursor);
 1276              		.loc 1 272 17 view .LVU361
 1277 0046 2246     		mov	r2, r4
 237:Core/Src/balance_car/raspi_link.c ****     uint8_t expected_checksum;
 1278              		.loc 1 237 13 view .LVU362
 1279 0048 0021     		movs	r1, #0
 272:Core/Src/balance_car/raspi_link.c ****         actual_checksum ^= (uint8_t)(*cursor);
 1280              		.loc 1 272 5 view .LVU363
 1281 004a 0EE0     		b	.L106
 1282              	.LVL104:
 1283              	.L125:
 257:Core/Src/balance_car/raspi_link.c ****         return;
 1284              		.loc 1 257 9 is_stmt 1 view .LVU364
 1285 004c 0820     		movs	r0, #8
 1286 004e FFF7FEFF 		bl	RaspiLink_MarkInvalid
 1287              	.LVL105:
 258:Core/Src/balance_car/raspi_link.c ****     }
 1288              		.loc 1 258 9 view .LVU365
 1289              	.L101:
 328:Core/Src/balance_car/raspi_link.c **** 
 1290              		.loc 1 328 1 is_stmt 0 view .LVU366
 1291 0052 0DB0     		add	sp, sp, #52
 1292              	.LCFI28:
 1293              		.cfi_remember_state
 1294              		.cfi_def_cfa_offset 12
 1295              		@ sp needed
 1296 0054 30BD     		pop	{r4, r5, pc}
ARM GAS  C:\Users\future\AppData\Local\Temp\cc1ED0ni.s 			page 34


 1297              	.LVL106:
 1298              	.L126:
 1299              	.LCFI29:
 1300              		.cfi_restore_state
 263:Core/Src/balance_car/raspi_link.c ****         return;
 1301              		.loc 1 263 9 is_stmt 1 view .LVU367
 1302 0056 0820     		movs	r0, #8
 1303              	.LVL107:
 263:Core/Src/balance_car/raspi_link.c ****         return;
 1304              		.loc 1 263 9 is_stmt 0 view .LVU368
 1305 0058 FFF7FEFF 		bl	RaspiLink_MarkInvalid
 1306              	.LVL108:
 264:Core/Src/balance_car/raspi_link.c ****     }
 1307              		.loc 1 264 9 is_stmt 1 view .LVU369
 1308 005c F9E7     		b	.L101
 1309              	.L127:
 268:Core/Src/balance_car/raspi_link.c ****         return;
 1310              		.loc 1 268 9 view .LVU370
 1311 005e 0820     		movs	r0, #8
 1312 0060 FFF7FEFF 		bl	RaspiLink_MarkInvalid
 1313              	.LVL109:
 269:Core/Src/balance_car/raspi_link.c ****     }
 1314              		.loc 1 269 9 view .LVU371
 1315 0064 F5E7     		b	.L101
 1316              	.LVL110:
 1317              	.L107:
 273:Core/Src/balance_car/raspi_link.c ****     }
 1318              		.loc 1 273 9 view .LVU372
 273:Core/Src/balance_car/raspi_link.c ****     }
 1319              		.loc 1 273 25 is_stmt 0 view .LVU373
 1320 0066 5940     		eors	r1, r1, r3
 1321              	.LVL111:
 272:Core/Src/balance_car/raspi_link.c ****         actual_checksum ^= (uint8_t)(*cursor);
 1322              		.loc 1 272 52 is_stmt 1 discriminator 3 view .LVU374
 1323 0068 0132     		adds	r2, r2, #1
 1324              	.LVL112:
 1325              	.L106:
 272:Core/Src/balance_car/raspi_link.c ****         actual_checksum ^= (uint8_t)(*cursor);
 1326              		.loc 1 272 37 discriminator 1 view .LVU375
 272:Core/Src/balance_car/raspi_link.c ****         actual_checksum ^= (uint8_t)(*cursor);
 1327              		.loc 1 272 29 is_stmt 0 discriminator 1 view .LVU376
 1328 006a 1378     		ldrb	r3, [r2]	@ zero_extendqisi2
 272:Core/Src/balance_car/raspi_link.c ****         actual_checksum ^= (uint8_t)(*cursor);
 1329              		.loc 1 272 37 discriminator 1 view .LVU377
 1330 006c 002B     		cmp	r3, #0
 1331 006e FAD1     		bne	.L107
 275:Core/Src/balance_car/raspi_link.c ****         g_raspi_link_state.checksum_error_count++;
 1332              		.loc 1 275 5 is_stmt 1 view .LVU378
 275:Core/Src/balance_car/raspi_link.c ****         g_raspi_link_state.checksum_error_count++;
 1333              		.loc 1 275 25 is_stmt 0 view .LVU379
 1334 0070 9DF81720 		ldrb	r2, [sp, #23]	@ zero_extendqisi2
 1335              	.LVL113:
 275:Core/Src/balance_car/raspi_link.c ****         g_raspi_link_state.checksum_error_count++;
 1336              		.loc 1 275 8 view .LVU380
 1337 0074 8A42     		cmp	r2, r1
 1338 0076 13D1     		bne	.L128
 1339              	.LVL114:
ARM GAS  C:\Users\future\AppData\Local\Temp\cc1ED0ni.s 			page 35


 1340              	.L108:
 283:Core/Src/balance_car/raspi_link.c ****         fields[field_count++] = cursor;
 1341              		.loc 1 283 24 is_stmt 1 view .LVU381
 1342 0078 052B     		cmp	r3, #5
 1343 007a 1AD8     		bhi	.L109
 284:Core/Src/balance_car/raspi_link.c ****         cursor = strchr(cursor, ',');
 1344              		.loc 1 284 9 view .LVU382
 284:Core/Src/balance_car/raspi_link.c ****         cursor = strchr(cursor, ',');
 1345              		.loc 1 284 27 is_stmt 0 view .LVU383
 1346 007c 5D1C     		adds	r5, r3, #1
 1347 007e EDB2     		uxtb	r5, r5
 1348              	.LVL115:
 284:Core/Src/balance_car/raspi_link.c ****         cursor = strchr(cursor, ',');
 1349              		.loc 1 284 31 view .LVU384
 1350 0080 0CAA     		add	r2, sp, #48
 1351 0082 02EB8303 		add	r3, r2, r3, lsl #2
 1352 0086 43F8184C 		str	r4, [r3, #-24]
 285:Core/Src/balance_car/raspi_link.c ****         if (cursor == 0) {
 1353              		.loc 1 285 9 is_stmt 1 view .LVU385
 285:Core/Src/balance_car/raspi_link.c ****         if (cursor == 0) {
 1354              		.loc 1 285 18 is_stmt 0 view .LVU386
 1355 008a 2C21     		movs	r1, #44
 1356 008c 2046     		mov	r0, r4
 1357 008e FFF7FEFF 		bl	strchr
 1358              	.LVL116:
 286:Core/Src/balance_car/raspi_link.c ****             break;
 1359              		.loc 1 286 9 is_stmt 1 view .LVU387
 286:Core/Src/balance_car/raspi_link.c ****             break;
 1360              		.loc 1 286 12 is_stmt 0 view .LVU388
 1361 0092 0446     		mov	r4, r0
 1362 0094 60B1     		cbz	r0, .L119
 289:Core/Src/balance_car/raspi_link.c ****         cursor++;
 1363              		.loc 1 289 9 is_stmt 1 view .LVU389
 289:Core/Src/balance_car/raspi_link.c ****         cursor++;
 1364              		.loc 1 289 17 is_stmt 0 view .LVU390
 1365 0096 0023     		movs	r3, #0
 1366 0098 04F8013B 		strb	r3, [r4], #1
 290:Core/Src/balance_car/raspi_link.c ****     }
 1367              		.loc 1 290 9 is_stmt 1 view .LVU391
 1368              	.LVL117:
 284:Core/Src/balance_car/raspi_link.c ****         cursor = strchr(cursor, ',');
 1369              		.loc 1 284 27 is_stmt 0 view .LVU392
 1370 009c 2B46     		mov	r3, r5
 1371 009e EBE7     		b	.L108
 1372              	.LVL118:
 1373              	.L128:
 276:Core/Src/balance_car/raspi_link.c ****         RaspiLink_MarkInvalid(RASPI_LINK_FAULT_CHECKSUM);
 1374              		.loc 1 276 9 is_stmt 1 view .LVU393
 276:Core/Src/balance_car/raspi_link.c ****         RaspiLink_MarkInvalid(RASPI_LINK_FAULT_CHECKSUM);
 1375              		.loc 1 276 27 is_stmt 0 view .LVU394
 1376 00a0 354A     		ldr	r2, .L131+8
 1377 00a2 D369     		ldr	r3, [r2, #28]
 276:Core/Src/balance_car/raspi_link.c ****         RaspiLink_MarkInvalid(RASPI_LINK_FAULT_CHECKSUM);
 1378              		.loc 1 276 48 view .LVU395
 1379 00a4 0133     		adds	r3, r3, #1
 1380 00a6 D361     		str	r3, [r2, #28]
 277:Core/Src/balance_car/raspi_link.c ****         return;
ARM GAS  C:\Users\future\AppData\Local\Temp\cc1ED0ni.s 			page 36


 1381              		.loc 1 277 9 is_stmt 1 view .LVU396
 1382 00a8 1020     		movs	r0, #16
 1383 00aa FFF7FEFF 		bl	RaspiLink_MarkInvalid
 1384              	.LVL119:
 278:Core/Src/balance_car/raspi_link.c ****     }
 1385              		.loc 1 278 9 view .LVU397
 1386 00ae D0E7     		b	.L101
 1387              	.LVL120:
 1388              	.L119:
 284:Core/Src/balance_car/raspi_link.c ****         cursor = strchr(cursor, ',');
 1389              		.loc 1 284 27 is_stmt 0 view .LVU398
 1390 00b0 2B46     		mov	r3, r5
 1391              	.LVL121:
 1392              	.L109:
 293:Core/Src/balance_car/raspi_link.c ****         RaspiLink_MarkInvalid(RASPI_LINK_FAULT_BAD_FRAME);
 1393              		.loc 1 293 5 is_stmt 1 view .LVU399
 293:Core/Src/balance_car/raspi_link.c ****         RaspiLink_MarkInvalid(RASPI_LINK_FAULT_BAD_FRAME);
 1394              		.loc 1 293 8 is_stmt 0 view .LVU400
 1395 00b2 062B     		cmp	r3, #6
 1396 00b4 00D1     		bne	.L111
 293:Core/Src/balance_car/raspi_link.c ****         RaspiLink_MarkInvalid(RASPI_LINK_FAULT_BAD_FRAME);
 1397              		.loc 1 293 27 discriminator 1 view .LVU401
 1398 00b6 1CB1     		cbz	r4, .L129
 1399              	.LVL122:
 1400              	.L111:
 294:Core/Src/balance_car/raspi_link.c ****         return;
 1401              		.loc 1 294 9 is_stmt 1 view .LVU402
 1402 00b8 0820     		movs	r0, #8
 1403 00ba FFF7FEFF 		bl	RaspiLink_MarkInvalid
 1404              	.LVL123:
 295:Core/Src/balance_car/raspi_link.c ****     }
 1405              		.loc 1 295 9 view .LVU403
 1406 00be C8E7     		b	.L101
 1407              	.LVL124:
 1408              	.L129:
 293:Core/Src/balance_car/raspi_link.c ****         RaspiLink_MarkInvalid(RASPI_LINK_FAULT_BAD_FRAME);
 1409              		.loc 1 293 45 is_stmt 0 discriminator 2 view .LVU404
 1410 00c0 2E49     		ldr	r1, .L131+12
 1411 00c2 0698     		ldr	r0, [sp, #24]
 1412 00c4 FFF7FEFF 		bl	strcmp
 1413              	.LVL125:
 293:Core/Src/balance_car/raspi_link.c ****         RaspiLink_MarkInvalid(RASPI_LINK_FAULT_BAD_FRAME);
 1414              		.loc 1 293 42 discriminator 1 view .LVU405
 1415 00c8 0028     		cmp	r0, #0
 1416 00ca F5D1     		bne	.L111
 297:Core/Src/balance_car/raspi_link.c ****         RaspiLink_ParseFlag(fields[2], &enable_motion) == 0U ||
 1417              		.loc 1 297 5 is_stmt 1 view .LVU406
 297:Core/Src/balance_car/raspi_link.c ****         RaspiLink_ParseFlag(fields[2], &enable_motion) == 0U ||
 1418              		.loc 1 297 9 is_stmt 0 view .LVU407
 1419 00cc 04A9     		add	r1, sp, #16
 1420 00ce 0798     		ldr	r0, [sp, #28]
 1421 00d0 FFF7FEFF 		bl	RaspiLink_ParseUint32
 1422              	.LVL126:
 297:Core/Src/balance_car/raspi_link.c ****         RaspiLink_ParseFlag(fields[2], &enable_motion) == 0U ||
 1423              		.loc 1 297 8 discriminator 1 view .LVU408
 1424 00d4 28B1     		cbz	r0, .L113
 298:Core/Src/balance_car/raspi_link.c ****         RaspiLink_ParseFlag(fields[3], &obstacle_stop) == 0U ||
ARM GAS  C:\Users\future\AppData\Local\Temp\cc1ED0ni.s 			page 37


 1425              		.loc 1 298 9 view .LVU409
 1426 00d6 0DF10F01 		add	r1, sp, #15
 1427 00da 0898     		ldr	r0, [sp, #32]
 1428 00dc FFF7FEFF 		bl	RaspiLink_ParseFlag
 1429              	.LVL127:
 297:Core/Src/balance_car/raspi_link.c ****         RaspiLink_ParseFlag(fields[2], &enable_motion) == 0U ||
 1430              		.loc 1 297 54 discriminator 1 view .LVU410
 1431 00e0 18B9     		cbnz	r0, .L130
 1432              	.L113:
 302:Core/Src/balance_car/raspi_link.c ****         return;
 1433              		.loc 1 302 9 is_stmt 1 view .LVU411
 1434 00e2 0820     		movs	r0, #8
 1435 00e4 FFF7FEFF 		bl	RaspiLink_MarkInvalid
 1436              	.LVL128:
 303:Core/Src/balance_car/raspi_link.c ****     }
 1437              		.loc 1 303 9 view .LVU412
 1438 00e8 B3E7     		b	.L101
 1439              	.L130:
 299:Core/Src/balance_car/raspi_link.c ****         RaspiLink_ParseFloat(fields[4], &linear_x) == 0U ||
 1440              		.loc 1 299 9 is_stmt 0 view .LVU413
 1441 00ea 0DF10E01 		add	r1, sp, #14
 1442 00ee 0998     		ldr	r0, [sp, #36]
 1443 00f0 FFF7FEFF 		bl	RaspiLink_ParseFlag
 1444              	.LVL129:
 298:Core/Src/balance_car/raspi_link.c ****         RaspiLink_ParseFlag(fields[3], &obstacle_stop) == 0U ||
 1445              		.loc 1 298 62 view .LVU414
 1446 00f4 0028     		cmp	r0, #0
 1447 00f6 F4D0     		beq	.L113
 300:Core/Src/balance_car/raspi_link.c ****         RaspiLink_ParseFloat(fields[5], &angular_z) == 0U) {
 1448              		.loc 1 300 9 view .LVU415
 1449 00f8 02A9     		add	r1, sp, #8
 1450 00fa 0A98     		ldr	r0, [sp, #40]
 1451 00fc FFF7FEFF 		bl	RaspiLink_ParseFloat
 1452              	.LVL130:
 299:Core/Src/balance_car/raspi_link.c ****         RaspiLink_ParseFloat(fields[4], &linear_x) == 0U ||
 1453              		.loc 1 299 62 view .LVU416
 1454 0100 0028     		cmp	r0, #0
 1455 0102 EED0     		beq	.L113
 301:Core/Src/balance_car/raspi_link.c ****         RaspiLink_MarkInvalid(RASPI_LINK_FAULT_BAD_FRAME);
 1456              		.loc 1 301 9 view .LVU417
 1457 0104 01A9     		add	r1, sp, #4
 1458 0106 0B98     		ldr	r0, [sp, #44]
 1459 0108 FFF7FEFF 		bl	RaspiLink_ParseFloat
 1460              	.LVL131:
 300:Core/Src/balance_car/raspi_link.c ****         RaspiLink_ParseFloat(fields[5], &angular_z) == 0U) {
 1461              		.loc 1 300 58 view .LVU418
 1462 010c 0028     		cmp	r0, #0
 1463 010e E8D0     		beq	.L113
 306:Core/Src/balance_car/raspi_link.c ****     angular_z = RaspiLink_Clamp(angular_z, g_raspi_link_debug.turn_limit);
 1464              		.loc 1 306 5 is_stmt 1 view .LVU419
 306:Core/Src/balance_car/raspi_link.c ****     angular_z = RaspiLink_Clamp(angular_z, g_raspi_link_debug.turn_limit);
 1465              		.loc 1 306 60 is_stmt 0 view .LVU420
 1466 0110 184C     		ldr	r4, .L131+4
 1467              	.LVL132:
 306:Core/Src/balance_car/raspi_link.c ****     angular_z = RaspiLink_Clamp(angular_z, g_raspi_link_debug.turn_limit);
 1468              		.loc 1 306 60 view .LVU421
 1469 0112 6168     		ldr	r1, [r4, #4]	@ float
ARM GAS  C:\Users\future\AppData\Local\Temp\cc1ED0ni.s 			page 38


 306:Core/Src/balance_car/raspi_link.c ****     angular_z = RaspiLink_Clamp(angular_z, g_raspi_link_debug.turn_limit);
 1470              		.loc 1 306 16 view .LVU422
 1471 0114 0298     		ldr	r0, [sp, #8]	@ float
 1472 0116 FFF7FEFF 		bl	RaspiLink_Clamp
 1473              	.LVL133:
 306:Core/Src/balance_car/raspi_link.c ****     angular_z = RaspiLink_Clamp(angular_z, g_raspi_link_debug.turn_limit);
 1474              		.loc 1 306 14 discriminator 1 view .LVU423
 1475 011a 0290     		str	r0, [sp, #8]	@ float
 307:Core/Src/balance_car/raspi_link.c **** 
 1476              		.loc 1 307 5 is_stmt 1 view .LVU424
 307:Core/Src/balance_car/raspi_link.c **** 
 1477              		.loc 1 307 62 is_stmt 0 view .LVU425
 1478 011c A168     		ldr	r1, [r4, #8]	@ float
 307:Core/Src/balance_car/raspi_link.c **** 
 1479              		.loc 1 307 17 view .LVU426
 1480 011e 0198     		ldr	r0, [sp, #4]	@ float
 1481 0120 FFF7FEFF 		bl	RaspiLink_Clamp
 1482              	.LVL134:
 307:Core/Src/balance_car/raspi_link.c **** 
 1483              		.loc 1 307 15 discriminator 1 view .LVU427
 1484 0124 0190     		str	r0, [sp, #4]	@ float
 309:Core/Src/balance_car/raspi_link.c ****     g_raspi_link_state.parser_error = 0U;
 1485              		.loc 1 309 5 is_stmt 1 view .LVU428
 309:Core/Src/balance_car/raspi_link.c ****     g_raspi_link_state.parser_error = 0U;
 1486              		.loc 1 309 23 is_stmt 0 view .LVU429
 1487 0126 144C     		ldr	r4, .L131+8
 1488 0128 6369     		ldr	r3, [r4, #20]
 309:Core/Src/balance_car/raspi_link.c ****     g_raspi_link_state.parser_error = 0U;
 1489              		.loc 1 309 41 view .LVU430
 1490 012a 0133     		adds	r3, r3, #1
 1491 012c 6361     		str	r3, [r4, #20]
 310:Core/Src/balance_car/raspi_link.c ****     g_raspi_link_state.link_active = 1U;
 1492              		.loc 1 310 5 is_stmt 1 view .LVU431
 310:Core/Src/balance_car/raspi_link.c ****     g_raspi_link_state.link_active = 1U;
 1493              		.loc 1 310 37 is_stmt 0 view .LVU432
 1494 012e 0023     		movs	r3, #0
 1495 0130 A370     		strb	r3, [r4, #2]
 311:Core/Src/balance_car/raspi_link.c ****     g_raspi_link_state.last_rx_ms = HAL_GetTick();
 1496              		.loc 1 311 5 is_stmt 1 view .LVU433
 311:Core/Src/balance_car/raspi_link.c ****     g_raspi_link_state.last_rx_ms = HAL_GetTick();
 1497              		.loc 1 311 36 is_stmt 0 view .LVU434
 1498 0132 0123     		movs	r3, #1
 1499 0134 2370     		strb	r3, [r4]
 312:Core/Src/balance_car/raspi_link.c ****     g_raspi_link_state.last_seq = seq;
 1500              		.loc 1 312 5 is_stmt 1 view .LVU435
 312:Core/Src/balance_car/raspi_link.c ****     g_raspi_link_state.last_seq = seq;
 1501              		.loc 1 312 37 is_stmt 0 view .LVU436
 1502 0136 FFF7FEFF 		bl	HAL_GetTick
 1503              	.LVL135:
 312:Core/Src/balance_car/raspi_link.c ****     g_raspi_link_state.last_seq = seq;
 1504              		.loc 1 312 35 discriminator 1 view .LVU437
 1505 013a 6062     		str	r0, [r4, #36]
 313:Core/Src/balance_car/raspi_link.c ****     g_raspi_link_state.obstacle_stop = obstacle_stop;
 1506              		.loc 1 313 5 is_stmt 1 view .LVU438
 313:Core/Src/balance_car/raspi_link.c ****     g_raspi_link_state.obstacle_stop = obstacle_stop;
 1507              		.loc 1 313 33 is_stmt 0 view .LVU439
 1508 013c 049B     		ldr	r3, [sp, #16]
ARM GAS  C:\Users\future\AppData\Local\Temp\cc1ED0ni.s 			page 39


 1509 013e E362     		str	r3, [r4, #44]
 314:Core/Src/balance_car/raspi_link.c ****     g_raspi_link_state.linear_x_cmd = linear_x;
 1510              		.loc 1 314 5 is_stmt 1 view .LVU440
 314:Core/Src/balance_car/raspi_link.c ****     g_raspi_link_state.linear_x_cmd = linear_x;
 1511              		.loc 1 314 38 is_stmt 0 view .LVU441
 1512 0140 9DF80E30 		ldrb	r3, [sp, #14]	@ zero_extendqisi2
 1513 0144 E370     		strb	r3, [r4, #3]
 315:Core/Src/balance_car/raspi_link.c ****     g_raspi_link_state.angular_z_cmd = angular_z;
 1514              		.loc 1 315 5 is_stmt 1 view .LVU442
 315:Core/Src/balance_car/raspi_link.c ****     g_raspi_link_state.angular_z_cmd = angular_z;
 1515              		.loc 1 315 37 is_stmt 0 view .LVU443
 1516 0146 0299     		ldr	r1, [sp, #8]	@ float
 1517 0148 A163     		str	r1, [r4, #56]	@ float
 316:Core/Src/balance_car/raspi_link.c **** 
 1518              		.loc 1 316 5 is_stmt 1 view .LVU444
 316:Core/Src/balance_car/raspi_link.c **** 
 1519              		.loc 1 316 38 is_stmt 0 view .LVU445
 1520 014a 019A     		ldr	r2, [sp, #4]	@ float
 1521 014c E263     		str	r2, [r4, #60]	@ float
 318:Core/Src/balance_car/raspi_link.c ****         RaspiLink_StopMotion();
 1522              		.loc 1 318 5 is_stmt 1 view .LVU446
 318:Core/Src/balance_car/raspi_link.c ****         RaspiLink_StopMotion();
 1523              		.loc 1 318 8 is_stmt 0 view .LVU447
 1524 014e 63B9     		cbnz	r3, .L115
 318:Core/Src/balance_car/raspi_link.c ****         RaspiLink_StopMotion();
 1525              		.loc 1 318 46 discriminator 1 view .LVU448
 1526 0150 9DF80F30 		ldrb	r3, [sp, #15]	@ zero_extendqisi2
 318:Core/Src/balance_car/raspi_link.c ****         RaspiLink_StopMotion();
 1527              		.loc 1 318 29 discriminator 1 view .LVU449
 1528 0154 4BB1     		cbz	r3, .L115
 323:Core/Src/balance_car/raspi_link.c ****         g_balance_debug.run_enable = 1U;
 1529              		.loc 1 323 5 is_stmt 1 view .LVU450
 323:Core/Src/balance_car/raspi_link.c ****         g_balance_debug.run_enable = 1U;
 1530              		.loc 1 323 27 is_stmt 0 view .LVU451
 1531 0156 074B     		ldr	r3, .L131+4
 1532 0158 9B78     		ldrb	r3, [r3, #2]	@ zero_extendqisi2
 323:Core/Src/balance_car/raspi_link.c ****         g_balance_debug.run_enable = 1U;
 1533              		.loc 1 323 8 view .LVU452
 1534 015a 13B1     		cbz	r3, .L117
 324:Core/Src/balance_car/raspi_link.c ****     }
 1535              		.loc 1 324 9 is_stmt 1 view .LVU453
 324:Core/Src/balance_car/raspi_link.c ****     }
 1536              		.loc 1 324 36 is_stmt 0 view .LVU454
 1537 015c 084B     		ldr	r3, .L131+16
 1538 015e 0120     		movs	r0, #1
 1539 0160 1870     		strb	r0, [r3]
 1540              	.L117:
 326:Core/Src/balance_car/raspi_link.c ****     g_balance_debug.turn_target = angular_z;
 1541              		.loc 1 326 5 is_stmt 1 view .LVU455
 326:Core/Src/balance_car/raspi_link.c ****     g_balance_debug.turn_target = angular_z;
 1542              		.loc 1 326 34 is_stmt 0 view .LVU456
 1543 0162 074B     		ldr	r3, .L131+16
 1544 0164 5960     		str	r1, [r3, #4]	@ float
 327:Core/Src/balance_car/raspi_link.c **** }
 1545              		.loc 1 327 5 is_stmt 1 view .LVU457
 327:Core/Src/balance_car/raspi_link.c **** }
 1546              		.loc 1 327 33 is_stmt 0 view .LVU458
ARM GAS  C:\Users\future\AppData\Local\Temp\cc1ED0ni.s 			page 40


 1547 0166 9A60     		str	r2, [r3, #8]	@ float
 1548 0168 73E7     		b	.L101
 1549              	.L115:
 319:Core/Src/balance_car/raspi_link.c ****         return;
 1550              		.loc 1 319 9 is_stmt 1 view .LVU459
 1551 016a FFF7FEFF 		bl	RaspiLink_StopMotion
 1552              	.LVL136:
 320:Core/Src/balance_car/raspi_link.c ****     }
 1553              		.loc 1 320 9 view .LVU460
 1554 016e 70E7     		b	.L101
 1555              	.L132:
 1556              		.align	2
 1557              	.L131:
 1558 0170 54000000 		.word	g_raspi_link_state+84
 1559 0174 00000000 		.word	g_raspi_link_debug
 1560 0178 00000000 		.word	g_raspi_link_state
 1561 017c 00000000 		.word	.LC0
 1562 0180 00000000 		.word	g_balance_debug
 1563              		.cfi_endproc
 1564              	.LFE81:
 1566              		.global	__aeabi_fcmple
 1567              		.global	__aeabi_ui2f
 1568              		.global	__aeabi_fdiv
 1569              		.global	__aeabi_fmul
 1570              		.section	.text.RaspiLink_UpdateOdometry,"ax",%progbits
 1571              		.align	1
 1572              		.syntax unified
 1573              		.thumb
 1574              		.thumb_func
 1576              	RaspiLink_UpdateOdometry:
 1577              	.LVL137:
 1578              	.LFB84:
 360:Core/Src/balance_car/raspi_link.c **** 
 361:Core/Src/balance_car/raspi_link.c **** static void RaspiLink_UpdateOdometry(uint32_t now)
 362:Core/Src/balance_car/raspi_link.c **** {
 1579              		.loc 1 362 1 view -0
 1580              		.cfi_startproc
 1581              		@ args = 0, pretend = 0, frame = 0
 1582              		@ frame_needed = 0, uses_anonymous_args = 0
 1583              		.loc 1 362 1 is_stmt 0 view .LVU462
 1584 0000 F8B5     		push	{r3, r4, r5, r6, r7, lr}
 1585              	.LCFI30:
 1586              		.cfi_def_cfa_offset 24
 1587              		.cfi_offset 3, -24
 1588              		.cfi_offset 4, -20
 1589              		.cfi_offset 5, -16
 1590              		.cfi_offset 6, -12
 1591              		.cfi_offset 7, -8
 1592              		.cfi_offset 14, -4
 363:Core/Src/balance_car/raspi_link.c ****     uint32_t dt_ms;
 1593              		.loc 1 363 5 is_stmt 1 view .LVU463
 364:Core/Src/balance_car/raspi_link.c ****     float dt_s;
 1594              		.loc 1 364 5 view .LVU464
 365:Core/Src/balance_car/raspi_link.c ****     float wheel_radius_m = g_raspi_link_debug.wheel_radius_m;
 1595              		.loc 1 365 5 view .LVU465
 1596              		.loc 1 365 11 is_stmt 0 view .LVU466
 1597 0002 2B4B     		ldr	r3, .L141
ARM GAS  C:\Users\future\AppData\Local\Temp\cc1ED0ni.s 			page 41


 1598 0004 DE68     		ldr	r6, [r3, #12]	@ float
 1599              	.LVL138:
 366:Core/Src/balance_car/raspi_link.c ****     float linear_x_mps;
 1600              		.loc 1 366 5 is_stmt 1 view .LVU467
 367:Core/Src/balance_car/raspi_link.c ****     float angular_z_rps;
 1601              		.loc 1 367 5 view .LVU468
 368:Core/Src/balance_car/raspi_link.c **** 
 369:Core/Src/balance_car/raspi_link.c ****     if (s_last_odom_update_ms == 0U) {
 1602              		.loc 1 369 5 view .LVU469
 1603              		.loc 1 369 31 is_stmt 0 view .LVU470
 1604 0006 2B4B     		ldr	r3, .L141+4
 1605 0008 1C68     		ldr	r4, [r3]
 1606              		.loc 1 369 8 view .LVU471
 1607 000a 002C     		cmp	r4, #0
 1608 000c 4CD0     		beq	.L139
 370:Core/Src/balance_car/raspi_link.c ****         s_last_odom_update_ms = now;
 371:Core/Src/balance_car/raspi_link.c ****         return;
 372:Core/Src/balance_car/raspi_link.c ****     }
 373:Core/Src/balance_car/raspi_link.c **** 
 374:Core/Src/balance_car/raspi_link.c ****     dt_ms = now - s_last_odom_update_ms;
 1609              		.loc 1 374 5 is_stmt 1 view .LVU472
 1610              	.LVL139:
 375:Core/Src/balance_car/raspi_link.c ****     if (dt_ms == 0U) {
 1611              		.loc 1 375 5 view .LVU473
 1612              		.loc 1 375 8 is_stmt 0 view .LVU474
 1613 000e 041B     		subs	r4, r0, r4
 1614              	.LVL140:
 1615              		.loc 1 375 8 view .LVU475
 1616 0010 49D0     		beq	.L133
 376:Core/Src/balance_car/raspi_link.c ****         return;
 377:Core/Src/balance_car/raspi_link.c ****     }
 378:Core/Src/balance_car/raspi_link.c ****     s_last_odom_update_ms = now;
 1617              		.loc 1 378 5 is_stmt 1 view .LVU476
 1618              		.loc 1 378 27 is_stmt 0 view .LVU477
 1619 0012 284B     		ldr	r3, .L141+4
 1620 0014 1860     		str	r0, [r3]
 379:Core/Src/balance_car/raspi_link.c **** 
 380:Core/Src/balance_car/raspi_link.c ****     if (wheel_radius_m <= 0.0f) {
 1621              		.loc 1 380 5 is_stmt 1 view .LVU478
 1622              		.loc 1 380 8 is_stmt 0 view .LVU479
 1623 0016 0021     		movs	r1, #0
 1624 0018 3046     		mov	r0, r6
 1625              	.LVL141:
 1626              		.loc 1 380 8 view .LVU480
 1627 001a FFF7FEFF 		bl	__aeabi_fcmple
 1628              	.LVL142:
 1629              		.loc 1 380 8 view .LVU481
 1630 001e 0028     		cmp	r0, #0
 1631 0020 44D1     		bne	.L140
 1632              	.LVL143:
 1633              	.L136:
 381:Core/Src/balance_car/raspi_link.c ****         wheel_radius_m = 0.0325f;
 382:Core/Src/balance_car/raspi_link.c ****     }
 383:Core/Src/balance_car/raspi_link.c **** 
 384:Core/Src/balance_car/raspi_link.c ****     dt_s = (float)dt_ms / 1000.0f;
 1634              		.loc 1 384 5 is_stmt 1 view .LVU482
 1635              		.loc 1 384 12 is_stmt 0 view .LVU483
ARM GAS  C:\Users\future\AppData\Local\Temp\cc1ED0ni.s 			page 42


 1636 0022 2046     		mov	r0, r4
 1637 0024 FFF7FEFF 		bl	__aeabi_ui2f
 1638              	.LVL144:
 1639              		.loc 1 384 10 view .LVU484
 1640 0028 2349     		ldr	r1, .L141+8
 1641 002a FFF7FEFF 		bl	__aeabi_fdiv
 1642              	.LVL145:
 1643 002e 0546     		mov	r5, r0
 1644              	.LVL146:
 385:Core/Src/balance_car/raspi_link.c ****     linear_x_mps = g_balance_state.ave_speed * 2.0f * RASPI_PI_F * wheel_radius_m;
 1645              		.loc 1 385 5 is_stmt 1 view .LVU485
 1646              		.loc 1 385 35 is_stmt 0 view .LVU486
 1647 0030 224C     		ldr	r4, .L141+12
 1648              	.LVL147:
 1649              		.loc 1 385 35 view .LVU487
 1650 0032 A06B     		ldr	r0, [r4, #56]	@ float
 1651              	.LVL148:
 1652              		.loc 1 385 46 view .LVU488
 1653 0034 0146     		mov	r1, r0
 1654 0036 FFF7FEFF 		bl	__aeabi_fadd
 1655              	.LVL149:
 1656              		.loc 1 385 53 view .LVU489
 1657 003a 2149     		ldr	r1, .L141+16
 1658 003c FFF7FEFF 		bl	__aeabi_fmul
 1659              	.LVL150:
 1660              		.loc 1 385 18 view .LVU490
 1661 0040 3146     		mov	r1, r6
 1662 0042 FFF7FEFF 		bl	__aeabi_fmul
 1663              	.LVL151:
 1664 0046 0646     		mov	r6, r0
 1665              	.LVL152:
 386:Core/Src/balance_car/raspi_link.c ****     angular_z_rps = g_balance_state.gyro_z_rate * RASPI_DEG_TO_RAD;
 1666              		.loc 1 386 5 is_stmt 1 view .LVU491
 1667              		.loc 1 386 36 is_stmt 0 view .LVU492
 1668 0048 A06A     		ldr	r0, [r4, #40]	@ float
 1669              	.LVL153:
 1670              		.loc 1 386 19 view .LVU493
 1671 004a 1E49     		ldr	r1, .L141+20
 1672 004c FFF7FEFF 		bl	__aeabi_fmul
 1673              	.LVL154:
 1674 0050 0146     		mov	r1, r0
 1675              	.LVL155:
 387:Core/Src/balance_car/raspi_link.c **** 
 388:Core/Src/balance_car/raspi_link.c ****     g_raspi_link_state.odom_linear_x_mps = linear_x_mps;
 1676              		.loc 1 388 5 is_stmt 1 view .LVU494
 1677              		.loc 1 388 42 is_stmt 0 view .LVU495
 1678 0052 1D4C     		ldr	r4, .L141+24
 1679 0054 E664     		str	r6, [r4, #76]	@ float
 389:Core/Src/balance_car/raspi_link.c ****     g_raspi_link_state.odom_angular_z_rps = angular_z_rps;
 1680              		.loc 1 389 5 is_stmt 1 view .LVU496
 1681              		.loc 1 389 43 is_stmt 0 view .LVU497
 1682 0056 2065     		str	r0, [r4, #80]	@ float
 390:Core/Src/balance_car/raspi_link.c ****     g_raspi_link_state.odom_yaw_rad += angular_z_rps * dt_s;
 1683              		.loc 1 390 5 is_stmt 1 view .LVU498
 1684              		.loc 1 390 23 is_stmt 0 view .LVU499
 1685 0058 A76C     		ldr	r7, [r4, #72]	@ float
 1686              		.loc 1 390 54 view .LVU500
ARM GAS  C:\Users\future\AppData\Local\Temp\cc1ED0ni.s 			page 43


 1687 005a 2846     		mov	r0, r5
 1688              	.LVL156:
 1689              		.loc 1 390 54 view .LVU501
 1690 005c FFF7FEFF 		bl	__aeabi_fmul
 1691              	.LVL157:
 1692              		.loc 1 390 54 view .LVU502
 1693 0060 0146     		mov	r1, r0
 1694              		.loc 1 390 37 view .LVU503
 1695 0062 3846     		mov	r0, r7
 1696 0064 FFF7FEFF 		bl	__aeabi_fadd
 1697              	.LVL158:
 1698 0068 A064     		str	r0, [r4, #72]	@ float
 391:Core/Src/balance_car/raspi_link.c ****     RaspiLink_NormalizeYaw();
 1699              		.loc 1 391 5 is_stmt 1 view .LVU504
 1700 006a FFF7FEFF 		bl	RaspiLink_NormalizeYaw
 1701              	.LVL159:
 392:Core/Src/balance_car/raspi_link.c ****     g_raspi_link_state.odom_x_m += linear_x_mps * cosf(g_raspi_link_state.odom_yaw_rad) * dt_s;
 1702              		.loc 1 392 5 view .LVU505
 1703              		.loc 1 392 74 is_stmt 0 view .LVU506
 1704 006e A06C     		ldr	r0, [r4, #72]	@ float
 1705              		.loc 1 392 51 view .LVU507
 1706 0070 FFF7FEFF 		bl	cosf
 1707              	.LVL160:
 1708              		.loc 1 392 49 discriminator 1 view .LVU508
 1709 0074 3146     		mov	r1, r6
 1710 0076 FFF7FEFF 		bl	__aeabi_fmul
 1711              	.LVL161:
 1712              		.loc 1 392 89 discriminator 1 view .LVU509
 1713 007a 2946     		mov	r1, r5
 1714 007c FFF7FEFF 		bl	__aeabi_fmul
 1715              	.LVL162:
 1716 0080 0146     		mov	r1, r0
 1717              		.loc 1 392 23 discriminator 1 view .LVU510
 1718 0082 206C     		ldr	r0, [r4, #64]	@ float
 1719              		.loc 1 392 33 discriminator 1 view .LVU511
 1720 0084 FFF7FEFF 		bl	__aeabi_fadd
 1721              	.LVL163:
 1722 0088 2064     		str	r0, [r4, #64]	@ float
 393:Core/Src/balance_car/raspi_link.c ****     g_raspi_link_state.odom_y_m += linear_x_mps * sinf(g_raspi_link_state.odom_yaw_rad) * dt_s;
 1723              		.loc 1 393 5 is_stmt 1 view .LVU512
 1724              		.loc 1 393 74 is_stmt 0 view .LVU513
 1725 008a A06C     		ldr	r0, [r4, #72]	@ float
 1726              		.loc 1 393 51 view .LVU514
 1727 008c FFF7FEFF 		bl	sinf
 1728              	.LVL164:
 1729              		.loc 1 393 49 discriminator 1 view .LVU515
 1730 0090 3146     		mov	r1, r6
 1731 0092 FFF7FEFF 		bl	__aeabi_fmul
 1732              	.LVL165:
 1733              		.loc 1 393 89 discriminator 1 view .LVU516
 1734 0096 2946     		mov	r1, r5
 1735 0098 FFF7FEFF 		bl	__aeabi_fmul
 1736              	.LVL166:
 1737 009c 0146     		mov	r1, r0
 1738              		.loc 1 393 23 discriminator 1 view .LVU517
 1739 009e 606C     		ldr	r0, [r4, #68]	@ float
 1740              		.loc 1 393 33 discriminator 1 view .LVU518
ARM GAS  C:\Users\future\AppData\Local\Temp\cc1ED0ni.s 			page 44


 1741 00a0 FFF7FEFF 		bl	__aeabi_fadd
 1742              	.LVL167:
 1743 00a4 6064     		str	r0, [r4, #68]	@ float
 1744              	.LVL168:
 1745              	.L133:
 394:Core/Src/balance_car/raspi_link.c **** }
 1746              		.loc 1 394 1 view .LVU519
 1747 00a6 F8BD     		pop	{r3, r4, r5, r6, r7, pc}
 1748              	.LVL169:
 1749              	.L139:
 370:Core/Src/balance_car/raspi_link.c ****         return;
 1750              		.loc 1 370 9 is_stmt 1 view .LVU520
 370:Core/Src/balance_car/raspi_link.c ****         return;
 1751              		.loc 1 370 31 is_stmt 0 view .LVU521
 1752 00a8 1860     		str	r0, [r3]
 371:Core/Src/balance_car/raspi_link.c ****     }
 1753              		.loc 1 371 9 is_stmt 1 view .LVU522
 1754 00aa FCE7     		b	.L133
 1755              	.LVL170:
 1756              	.L140:
 381:Core/Src/balance_car/raspi_link.c ****     }
 1757              		.loc 1 381 24 is_stmt 0 view .LVU523
 1758 00ac 074E     		ldr	r6, .L141+28
 1759              	.LVL171:
 381:Core/Src/balance_car/raspi_link.c ****     }
 1760              		.loc 1 381 24 view .LVU524
 1761 00ae B8E7     		b	.L136
 1762              	.L142:
 1763              		.align	2
 1764              	.L141:
 1765 00b0 00000000 		.word	g_raspi_link_debug
 1766 00b4 00000000 		.word	s_last_odom_update_ms
 1767 00b8 00007A44 		.word	1148846080
 1768 00bc 00000000 		.word	g_balance_state
 1769 00c0 DA0F4940 		.word	1078530010
 1770 00c4 35FA8E3C 		.word	1016003125
 1771 00c8 00000000 		.word	g_raspi_link_state
 1772 00cc B81E053D 		.word	1023745720
 1773              		.cfi_endproc
 1774              	.LFE84:
 1776              		.section	.rodata.RaspiLink_FormatFixed4.str1.4,"aMS",%progbits,1
 1777              		.align	2
 1778              	.LC1:
 1779 0000 00       		.ascii	"\000"
 1780 0001 000000   		.align	2
 1781              	.LC2:
 1782 0004 2D00     		.ascii	"-\000"
 1783              		.global	__aeabi_f2iz
 1784 0006 0000     		.align	2
 1785              	.LC3:
 1786 0008 2573256C 		.ascii	"%s%ld.%04ld\000"
 1786      642E2530 
 1786      346C6400 
 1787              		.section	.text.RaspiLink_FormatFixed4,"ax",%progbits
 1788              		.align	1
 1789              		.syntax unified
 1790              		.thumb
ARM GAS  C:\Users\future\AppData\Local\Temp\cc1ED0ni.s 			page 45


 1791              		.thumb_func
 1793              	RaspiLink_FormatFixed4:
 1794              	.LVL172:
 1795              	.LFB85:
 395:Core/Src/balance_car/raspi_link.c **** 
 396:Core/Src/balance_car/raspi_link.c **** static void RaspiLink_FormatFixed4(char *buffer, uint8_t size, float value)
 397:Core/Src/balance_car/raspi_link.c **** {
 1796              		.loc 1 397 1 is_stmt 1 view -0
 1797              		.cfi_startproc
 1798              		@ args = 0, pretend = 0, frame = 0
 1799              		@ frame_needed = 0, uses_anonymous_args = 0
 398:Core/Src/balance_car/raspi_link.c ****     int32_t scaled;
 1800              		.loc 1 398 5 view .LVU526
 399:Core/Src/balance_car/raspi_link.c ****     int32_t whole;
 1801              		.loc 1 399 5 view .LVU527
 400:Core/Src/balance_car/raspi_link.c ****     int32_t frac;
 1802              		.loc 1 400 5 view .LVU528
 401:Core/Src/balance_car/raspi_link.c ****     const char *sign = "";
 1803              		.loc 1 401 5 view .LVU529
 402:Core/Src/balance_car/raspi_link.c **** 
 403:Core/Src/balance_car/raspi_link.c ****     if (buffer == 0 || size == 0U) {
 1804              		.loc 1 403 5 view .LVU530
 1805              		.loc 1 403 8 is_stmt 0 view .LVU531
 1806 0000 68B3     		cbz	r0, .L151
 397:Core/Src/balance_car/raspi_link.c ****     int32_t scaled;
 1807              		.loc 1 397 1 view .LVU532
 1808 0002 F0B5     		push	{r4, r5, r6, r7, lr}
 1809              	.LCFI31:
 1810              		.cfi_def_cfa_offset 20
 1811              		.cfi_offset 4, -20
 1812              		.cfi_offset 5, -16
 1813              		.cfi_offset 6, -12
 1814              		.cfi_offset 7, -8
 1815              		.cfi_offset 14, -4
 1816 0004 83B0     		sub	sp, sp, #12
 1817              	.LCFI32:
 1818              		.cfi_def_cfa_offset 32
 1819 0006 0D46     		mov	r5, r1
 1820 0008 1446     		mov	r4, r2
 1821 000a 0646     		mov	r6, r0
 1822              		.loc 1 403 21 discriminator 1 view .LVU533
 1823 000c 09B3     		cbz	r1, .L143
 404:Core/Src/balance_car/raspi_link.c ****         return;
 405:Core/Src/balance_car/raspi_link.c ****     }
 406:Core/Src/balance_car/raspi_link.c **** 
 407:Core/Src/balance_car/raspi_link.c ****     if (value < 0.0f) {
 1824              		.loc 1 407 5 is_stmt 1 view .LVU534
 1825              		.loc 1 407 8 is_stmt 0 view .LVU535
 1826 000e 0021     		movs	r1, #0
 1827              	.LVL173:
 1828              		.loc 1 407 8 view .LVU536
 1829 0010 1046     		mov	r0, r2
 1830              	.LVL174:
 1831              		.loc 1 407 8 view .LVU537
 1832 0012 FFF7FEFF 		bl	__aeabi_fcmplt
 1833              	.LVL175:
 1834              		.loc 1 407 8 view .LVU538
ARM GAS  C:\Users\future\AppData\Local\Temp\cc1ED0ni.s 			page 46


 1835 0016 F0B9     		cbnz	r0, .L154
 401:Core/Src/balance_car/raspi_link.c **** 
 1836              		.loc 1 401 17 view .LVU539
 1837 0018 114F     		ldr	r7, .L155
 1838              	.LVL176:
 1839              	.L145:
 408:Core/Src/balance_car/raspi_link.c ****         sign = "-";
 409:Core/Src/balance_car/raspi_link.c ****         value = -value;
 410:Core/Src/balance_car/raspi_link.c ****     }
 411:Core/Src/balance_car/raspi_link.c **** 
 412:Core/Src/balance_car/raspi_link.c ****     scaled = (int32_t)(value * 10000.0f + 0.5f);
 1840              		.loc 1 412 5 is_stmt 1 view .LVU540
 1841              		.loc 1 412 30 is_stmt 0 view .LVU541
 1842 001a 1249     		ldr	r1, .L155+4
 1843 001c 2046     		mov	r0, r4
 1844 001e FFF7FEFF 		bl	__aeabi_fmul
 1845              	.LVL177:
 1846              		.loc 1 412 41 view .LVU542
 1847 0022 4FF07C51 		mov	r1, #1056964608
 1848 0026 FFF7FEFF 		bl	__aeabi_fadd
 1849              	.LVL178:
 1850              		.loc 1 412 12 view .LVU543
 1851 002a FFF7FEFF 		bl	__aeabi_f2iz
 1852              	.LVL179:
 413:Core/Src/balance_car/raspi_link.c ****     whole = scaled / 10000;
 1853              		.loc 1 413 5 is_stmt 1 view .LVU544
 1854              		.loc 1 413 11 is_stmt 0 view .LVU545
 1855 002e 0E4A     		ldr	r2, .L155+8
 1856 0030 82FB0032 		smull	r3, r2, r2, r0
 1857 0034 C317     		asrs	r3, r0, #31
 1858 0036 C3EB2233 		rsb	r3, r3, r2, asr #12
 1859              	.LVL180:
 414:Core/Src/balance_car/raspi_link.c ****     frac = scaled % 10000;
 1860              		.loc 1 414 5 is_stmt 1 view .LVU546
 1861              		.loc 1 414 10 is_stmt 0 view .LVU547
 1862 003a 42F21072 		movw	r2, #10000
 1863 003e 02FB1300 		mls	r0, r2, r3, r0
 1864              	.LVL181:
 415:Core/Src/balance_car/raspi_link.c ****     (void)snprintf(buffer, size, "%s%ld.%04ld", sign, (long)whole, (long)frac);
 1865              		.loc 1 415 5 is_stmt 1 view .LVU548
 1866              		.loc 1 415 11 is_stmt 0 view .LVU549
 1867 0042 0190     		str	r0, [sp, #4]
 1868 0044 0093     		str	r3, [sp]
 1869 0046 3B46     		mov	r3, r7
 1870              	.LVL182:
 1871              		.loc 1 415 11 view .LVU550
 1872 0048 084A     		ldr	r2, .L155+12
 1873 004a 2946     		mov	r1, r5
 1874 004c 3046     		mov	r0, r6
 1875              	.LVL183:
 1876              		.loc 1 415 11 view .LVU551
 1877 004e FFF7FEFF 		bl	snprintf
 1878              	.LVL184:
 1879              	.L143:
 416:Core/Src/balance_car/raspi_link.c **** }
 1880              		.loc 1 416 1 view .LVU552
 1881 0052 03B0     		add	sp, sp, #12
ARM GAS  C:\Users\future\AppData\Local\Temp\cc1ED0ni.s 			page 47


 1882              	.LCFI33:
 1883              		.cfi_remember_state
 1884              		.cfi_def_cfa_offset 20
 1885              		@ sp needed
 1886 0054 F0BD     		pop	{r4, r5, r6, r7, pc}
 1887              	.LVL185:
 1888              	.L154:
 1889              	.LCFI34:
 1890              		.cfi_restore_state
 408:Core/Src/balance_car/raspi_link.c ****         value = -value;
 1891              		.loc 1 408 9 is_stmt 1 view .LVU553
 409:Core/Src/balance_car/raspi_link.c ****     }
 1892              		.loc 1 409 9 view .LVU554
 409:Core/Src/balance_car/raspi_link.c ****     }
 1893              		.loc 1 409 15 is_stmt 0 view .LVU555
 1894 0056 04F10044 		add	r4, r4, #-2147483648
 1895              	.LVL186:
 408:Core/Src/balance_car/raspi_link.c ****         value = -value;
 1896              		.loc 1 408 14 view .LVU556
 1897 005a 054F     		ldr	r7, .L155+16
 1898 005c DDE7     		b	.L145
 1899              	.LVL187:
 1900              	.L151:
 1901              	.LCFI35:
 1902              		.cfi_def_cfa_offset 0
 1903              		.cfi_restore 4
 1904              		.cfi_restore 5
 1905              		.cfi_restore 6
 1906              		.cfi_restore 7
 1907              		.cfi_restore 14
 408:Core/Src/balance_car/raspi_link.c ****         value = -value;
 1908              		.loc 1 408 14 view .LVU557
 1909 005e 7047     		bx	lr
 1910              	.L156:
 1911              		.align	2
 1912              	.L155:
 1913 0060 00000000 		.word	.LC1
 1914 0064 00401C46 		.word	1176256512
 1915 0068 AD8BDB68 		.word	1759218605
 1916 006c 08000000 		.word	.LC3
 1917 0070 04000000 		.word	.LC2
 1918              		.cfi_endproc
 1919              	.LFE85:
 1921              		.section	.rodata.RaspiLink_SendOdometry.str1.4,"aMS",%progbits,1
 1922              		.align	2
 1923              	.LC4:
 1924 0000 424F2C25 		.ascii	"BO,%lu,%lu,%s,%s,%s,%s,%s\000"
 1924      6C752C25 
 1924      6C752C25 
 1924      732C2573 
 1924      2C25732C 
 1925 001a 0000     		.align	2
 1926              	.LC5:
 1927 001c 2425732A 		.ascii	"$%s*%02X\012\000"
 1927      25303258 
 1927      0A00
 1928              		.section	.text.RaspiLink_SendOdometry,"ax",%progbits
ARM GAS  C:\Users\future\AppData\Local\Temp\cc1ED0ni.s 			page 48


 1929              		.align	1
 1930              		.syntax unified
 1931              		.thumb
 1932              		.thumb_func
 1934              	RaspiLink_SendOdometry:
 1935              	.LVL188:
 1936              	.LFB86:
 417:Core/Src/balance_car/raspi_link.c **** 
 418:Core/Src/balance_car/raspi_link.c **** static void RaspiLink_SendOdometry(uint32_t now)
 419:Core/Src/balance_car/raspi_link.c **** {
 1937              		.loc 1 419 1 is_stmt 1 view -0
 1938              		.cfi_startproc
 1939              		@ args = 0, pretend = 0, frame = 160
 1940              		@ frame_needed = 0, uses_anonymous_args = 0
 420:Core/Src/balance_car/raspi_link.c ****     char payload[80];
 1941              		.loc 1 420 5 view .LVU559
 421:Core/Src/balance_car/raspi_link.c ****     char x_text[16];
 1942              		.loc 1 421 5 view .LVU560
 422:Core/Src/balance_car/raspi_link.c ****     char y_text[16];
 1943              		.loc 1 422 5 view .LVU561
 423:Core/Src/balance_car/raspi_link.c ****     char yaw_text[16];
 1944              		.loc 1 423 5 view .LVU562
 424:Core/Src/balance_car/raspi_link.c ****     char vx_text[16];
 1945              		.loc 1 424 5 view .LVU563
 425:Core/Src/balance_car/raspi_link.c ****     char wz_text[16];
 1946              		.loc 1 425 5 view .LVU564
 426:Core/Src/balance_car/raspi_link.c ****     uint8_t checksum;
 1947              		.loc 1 426 5 view .LVU565
 427:Core/Src/balance_car/raspi_link.c ****     int payload_len;
 1948              		.loc 1 427 5 view .LVU566
 428:Core/Src/balance_car/raspi_link.c ****     int frame_len;
 1949              		.loc 1 428 5 view .LVU567
 429:Core/Src/balance_car/raspi_link.c **** 
 430:Core/Src/balance_car/raspi_link.c ****     if (g_raspi_link_debug.odom_tx_enable == 0U || g_raspi_link_debug.odom_period_ms == 0U) {
 1950              		.loc 1 430 5 view .LVU568
 1951              		.loc 1 430 27 is_stmt 0 view .LVU569
 1952 0000 474B     		ldr	r3, .L169
 1953 0002 DB78     		ldrb	r3, [r3, #3]	@ zero_extendqisi2
 1954              		.loc 1 430 8 view .LVU570
 1955 0004 002B     		cmp	r3, #0
 1956 0006 00F08980 		beq	.L165
 419:Core/Src/balance_car/raspi_link.c ****     char payload[80];
 1957              		.loc 1 419 1 view .LVU571
 1958 000a 2DE9F047 		push	{r4, r5, r6, r7, r8, r9, r10, lr}
 1959              	.LCFI36:
 1960              		.cfi_def_cfa_offset 32
 1961              		.cfi_offset 4, -32
 1962              		.cfi_offset 5, -28
 1963              		.cfi_offset 6, -24
 1964              		.cfi_offset 7, -20
 1965              		.cfi_offset 8, -16
 1966              		.cfi_offset 9, -12
 1967              		.cfi_offset 10, -8
 1968              		.cfi_offset 14, -4
 1969 000e AEB0     		sub	sp, sp, #184
 1970              	.LCFI37:
 1971              		.cfi_def_cfa_offset 216
ARM GAS  C:\Users\future\AppData\Local\Temp\cc1ED0ni.s 			page 49


 1972 0010 0446     		mov	r4, r0
 1973              		.loc 1 430 70 discriminator 1 view .LVU572
 1974 0012 434B     		ldr	r3, .L169
 1975 0014 5B69     		ldr	r3, [r3, #20]
 1976              		.loc 1 430 49 discriminator 1 view .LVU573
 1977 0016 83B1     		cbz	r3, .L157
 431:Core/Src/balance_car/raspi_link.c ****         return;
 432:Core/Src/balance_car/raspi_link.c ****     }
 433:Core/Src/balance_car/raspi_link.c ****     if ((int32_t)(now - s_next_odom_tx_ms) < 0) {
 1978              		.loc 1 433 5 is_stmt 1 view .LVU574
 1979              		.loc 1 433 23 is_stmt 0 view .LVU575
 1980 0018 424B     		ldr	r3, .L169+4
 1981 001a 1B68     		ldr	r3, [r3]
 1982 001c C31A     		subs	r3, r0, r3
 1983              		.loc 1 433 8 view .LVU576
 1984 001e 002B     		cmp	r3, #0
 1985 0020 0BDB     		blt	.L157
 434:Core/Src/balance_car/raspi_link.c ****         return;
 435:Core/Src/balance_car/raspi_link.c ****     }
 436:Core/Src/balance_car/raspi_link.c ****     s_next_odom_tx_ms = now + g_raspi_link_debug.odom_period_ms;
 1986              		.loc 1 436 5 is_stmt 1 view .LVU577
 1987              		.loc 1 436 49 is_stmt 0 view .LVU578
 1988 0022 3F4B     		ldr	r3, .L169
 1989 0024 5B69     		ldr	r3, [r3, #20]
 1990              		.loc 1 436 29 view .LVU579
 1991 0026 0344     		add	r3, r3, r0
 1992              		.loc 1 436 23 view .LVU580
 1993 0028 3E4A     		ldr	r2, .L169+4
 1994 002a 1360     		str	r3, [r2]
 437:Core/Src/balance_car/raspi_link.c **** 
 438:Core/Src/balance_car/raspi_link.c ****     if (g_raspi_link_state.tx_busy != 0U) {
 1995              		.loc 1 438 5 is_stmt 1 view .LVU581
 1996              		.loc 1 438 27 is_stmt 0 view .LVU582
 1997 002c 3E4B     		ldr	r3, .L169+8
 1998 002e 1B79     		ldrb	r3, [r3, #4]	@ zero_extendqisi2
 1999              		.loc 1 438 8 view .LVU583
 2000 0030 33B1     		cbz	r3, .L159
 439:Core/Src/balance_car/raspi_link.c ****         g_raspi_link_state.tx_error_count++;
 2001              		.loc 1 439 9 is_stmt 1 view .LVU584
 2002              		.loc 1 439 27 is_stmt 0 view .LVU585
 2003 0032 3D4A     		ldr	r2, .L169+8
 2004 0034 1369     		ldr	r3, [r2, #16]
 2005              		.loc 1 439 42 view .LVU586
 2006 0036 0133     		adds	r3, r3, #1
 2007 0038 1361     		str	r3, [r2, #16]
 440:Core/Src/balance_car/raspi_link.c ****         return;
 2008              		.loc 1 440 9 is_stmt 1 view .LVU587
 2009              	.LVL189:
 2010              	.L157:
 441:Core/Src/balance_car/raspi_link.c ****     }
 442:Core/Src/balance_car/raspi_link.c **** 
 443:Core/Src/balance_car/raspi_link.c ****     g_raspi_link_state.odom_seq++;
 444:Core/Src/balance_car/raspi_link.c ****     RaspiLink_FormatFixed4(x_text, sizeof(x_text), g_raspi_link_state.odom_x_m);
 445:Core/Src/balance_car/raspi_link.c ****     RaspiLink_FormatFixed4(y_text, sizeof(y_text), g_raspi_link_state.odom_y_m);
 446:Core/Src/balance_car/raspi_link.c ****     RaspiLink_FormatFixed4(yaw_text, sizeof(yaw_text), g_raspi_link_state.odom_yaw_rad);
 447:Core/Src/balance_car/raspi_link.c ****     RaspiLink_FormatFixed4(vx_text, sizeof(vx_text), g_raspi_link_state.odom_linear_x_mps);
 448:Core/Src/balance_car/raspi_link.c ****     RaspiLink_FormatFixed4(wz_text, sizeof(wz_text), g_raspi_link_state.odom_angular_z_rps);
ARM GAS  C:\Users\future\AppData\Local\Temp\cc1ED0ni.s 			page 50


 449:Core/Src/balance_car/raspi_link.c ****     payload_len = snprintf(payload, sizeof(payload),
 450:Core/Src/balance_car/raspi_link.c ****                            "BO,%lu,%lu,%s,%s,%s,%s,%s",
 451:Core/Src/balance_car/raspi_link.c ****                            (unsigned long)g_raspi_link_state.odom_seq,
 452:Core/Src/balance_car/raspi_link.c ****                            (unsigned long)now,
 453:Core/Src/balance_car/raspi_link.c ****                            x_text,
 454:Core/Src/balance_car/raspi_link.c ****                            y_text,
 455:Core/Src/balance_car/raspi_link.c ****                            yaw_text,
 456:Core/Src/balance_car/raspi_link.c ****                            vx_text,
 457:Core/Src/balance_car/raspi_link.c ****                            wz_text);
 458:Core/Src/balance_car/raspi_link.c ****     if (payload_len <= 0 || payload_len >= (int)sizeof(payload)) {
 459:Core/Src/balance_car/raspi_link.c ****         g_raspi_link_state.tx_error_count++;
 460:Core/Src/balance_car/raspi_link.c ****         return;
 461:Core/Src/balance_car/raspi_link.c ****     }
 462:Core/Src/balance_car/raspi_link.c **** 
 463:Core/Src/balance_car/raspi_link.c ****     checksum = RaspiLink_ChecksumAscii(payload);
 464:Core/Src/balance_car/raspi_link.c ****     frame_len = snprintf(s_tx_line, sizeof(s_tx_line), "$%s*%02X\n", payload, checksum);
 465:Core/Src/balance_car/raspi_link.c ****     if (frame_len <= 0 || frame_len >= (int)sizeof(s_tx_line)) {
 466:Core/Src/balance_car/raspi_link.c ****         g_raspi_link_state.tx_error_count++;
 467:Core/Src/balance_car/raspi_link.c ****         return;
 468:Core/Src/balance_car/raspi_link.c ****     }
 469:Core/Src/balance_car/raspi_link.c **** 
 470:Core/Src/balance_car/raspi_link.c ****     strncpy((char *)g_raspi_link_state.last_tx_frame,
 471:Core/Src/balance_car/raspi_link.c ****             s_tx_line,
 472:Core/Src/balance_car/raspi_link.c ****             sizeof(g_raspi_link_state.last_tx_frame) - 1U);
 473:Core/Src/balance_car/raspi_link.c ****     g_raspi_link_state.last_tx_frame[sizeof(g_raspi_link_state.last_tx_frame) - 1U] = '\0';
 474:Core/Src/balance_car/raspi_link.c **** 
 475:Core/Src/balance_car/raspi_link.c ****     g_raspi_link_state.tx_busy = 1U;
 476:Core/Src/balance_car/raspi_link.c ****     if (HAL_UART_Transmit_IT(&s_huart_raspi, (uint8_t *)s_tx_line, (uint16_t)frame_len) != HAL_OK) 
 477:Core/Src/balance_car/raspi_link.c ****         g_raspi_link_state.tx_busy = 0U;
 478:Core/Src/balance_car/raspi_link.c ****         g_raspi_link_state.tx_error_count++;
 479:Core/Src/balance_car/raspi_link.c ****         return;
 480:Core/Src/balance_car/raspi_link.c ****     }
 481:Core/Src/balance_car/raspi_link.c ****     g_raspi_link_state.tx_count++;
 482:Core/Src/balance_car/raspi_link.c ****     g_raspi_link_state.last_tx_ms = now;
 483:Core/Src/balance_car/raspi_link.c **** }
 2011              		.loc 1 483 1 is_stmt 0 view .LVU588
 2012 003a 2EB0     		add	sp, sp, #184
 2013              	.LCFI38:
 2014              		.cfi_remember_state
 2015              		.cfi_def_cfa_offset 32
 2016              		@ sp needed
 2017 003c BDE8F087 		pop	{r4, r5, r6, r7, r8, r9, r10, pc}
 2018              	.LVL190:
 2019              	.L159:
 2020              	.LCFI39:
 2021              		.cfi_restore_state
 443:Core/Src/balance_car/raspi_link.c ****     RaspiLink_FormatFixed4(x_text, sizeof(x_text), g_raspi_link_state.odom_x_m);
 2022              		.loc 1 443 5 is_stmt 1 view .LVU589
 443:Core/Src/balance_car/raspi_link.c ****     RaspiLink_FormatFixed4(x_text, sizeof(x_text), g_raspi_link_state.odom_x_m);
 2023              		.loc 1 443 23 is_stmt 0 view .LVU590
 2024 0040 394D     		ldr	r5, .L169+8
 2025 0042 2B6B     		ldr	r3, [r5, #48]
 443:Core/Src/balance_car/raspi_link.c ****     RaspiLink_FormatFixed4(x_text, sizeof(x_text), g_raspi_link_state.odom_x_m);
 2026              		.loc 1 443 32 view .LVU591
 2027 0044 0133     		adds	r3, r3, #1
 2028 0046 2B63     		str	r3, [r5, #48]
 444:Core/Src/balance_car/raspi_link.c ****     RaspiLink_FormatFixed4(y_text, sizeof(y_text), g_raspi_link_state.odom_y_m);
ARM GAS  C:\Users\future\AppData\Local\Temp\cc1ED0ni.s 			page 51


 2029              		.loc 1 444 5 is_stmt 1 view .LVU592
 444:Core/Src/balance_car/raspi_link.c ****     RaspiLink_FormatFixed4(y_text, sizeof(y_text), g_raspi_link_state.odom_y_m);
 2030              		.loc 1 444 70 is_stmt 0 view .LVU593
 2031 0048 2A6C     		ldr	r2, [r5, #64]	@ float
 444:Core/Src/balance_car/raspi_link.c ****     RaspiLink_FormatFixed4(y_text, sizeof(y_text), g_raspi_link_state.odom_y_m);
 2032              		.loc 1 444 5 view .LVU594
 2033 004a 16AE     		add	r6, sp, #88
 2034 004c 1021     		movs	r1, #16
 2035 004e 3046     		mov	r0, r6
 2036              	.LVL191:
 444:Core/Src/balance_car/raspi_link.c ****     RaspiLink_FormatFixed4(y_text, sizeof(y_text), g_raspi_link_state.odom_y_m);
 2037              		.loc 1 444 5 view .LVU595
 2038 0050 FFF7FEFF 		bl	RaspiLink_FormatFixed4
 2039              	.LVL192:
 445:Core/Src/balance_car/raspi_link.c ****     RaspiLink_FormatFixed4(yaw_text, sizeof(yaw_text), g_raspi_link_state.odom_yaw_rad);
 2040              		.loc 1 445 5 is_stmt 1 view .LVU596
 445:Core/Src/balance_car/raspi_link.c ****     RaspiLink_FormatFixed4(yaw_text, sizeof(yaw_text), g_raspi_link_state.odom_yaw_rad);
 2041              		.loc 1 445 70 is_stmt 0 view .LVU597
 2042 0054 6A6C     		ldr	r2, [r5, #68]	@ float
 445:Core/Src/balance_car/raspi_link.c ****     RaspiLink_FormatFixed4(yaw_text, sizeof(yaw_text), g_raspi_link_state.odom_yaw_rad);
 2043              		.loc 1 445 5 view .LVU598
 2044 0056 12AF     		add	r7, sp, #72
 2045 0058 1021     		movs	r1, #16
 2046 005a 3846     		mov	r0, r7
 2047 005c FFF7FEFF 		bl	RaspiLink_FormatFixed4
 2048              	.LVL193:
 446:Core/Src/balance_car/raspi_link.c ****     RaspiLink_FormatFixed4(vx_text, sizeof(vx_text), g_raspi_link_state.odom_linear_x_mps);
 2049              		.loc 1 446 5 is_stmt 1 view .LVU599
 446:Core/Src/balance_car/raspi_link.c ****     RaspiLink_FormatFixed4(vx_text, sizeof(vx_text), g_raspi_link_state.odom_linear_x_mps);
 2050              		.loc 1 446 74 is_stmt 0 view .LVU600
 2051 0060 AA6C     		ldr	r2, [r5, #72]	@ float
 446:Core/Src/balance_car/raspi_link.c ****     RaspiLink_FormatFixed4(vx_text, sizeof(vx_text), g_raspi_link_state.odom_linear_x_mps);
 2052              		.loc 1 446 5 view .LVU601
 2053 0062 0DF13808 		add	r8, sp, #56
 2054 0066 1021     		movs	r1, #16
 2055 0068 4046     		mov	r0, r8
 2056 006a FFF7FEFF 		bl	RaspiLink_FormatFixed4
 2057              	.LVL194:
 447:Core/Src/balance_car/raspi_link.c ****     RaspiLink_FormatFixed4(wz_text, sizeof(wz_text), g_raspi_link_state.odom_angular_z_rps);
 2058              		.loc 1 447 5 is_stmt 1 view .LVU602
 447:Core/Src/balance_car/raspi_link.c ****     RaspiLink_FormatFixed4(wz_text, sizeof(wz_text), g_raspi_link_state.odom_angular_z_rps);
 2059              		.loc 1 447 72 is_stmt 0 view .LVU603
 2060 006e EA6C     		ldr	r2, [r5, #76]	@ float
 447:Core/Src/balance_car/raspi_link.c ****     RaspiLink_FormatFixed4(wz_text, sizeof(wz_text), g_raspi_link_state.odom_angular_z_rps);
 2061              		.loc 1 447 5 view .LVU604
 2062 0070 0DF12809 		add	r9, sp, #40
 2063 0074 1021     		movs	r1, #16
 2064 0076 4846     		mov	r0, r9
 2065 0078 FFF7FEFF 		bl	RaspiLink_FormatFixed4
 2066              	.LVL195:
 448:Core/Src/balance_car/raspi_link.c ****     payload_len = snprintf(payload, sizeof(payload),
 2067              		.loc 1 448 5 is_stmt 1 view .LVU605
 448:Core/Src/balance_car/raspi_link.c ****     payload_len = snprintf(payload, sizeof(payload),
 2068              		.loc 1 448 72 is_stmt 0 view .LVU606
 2069 007c 2A6D     		ldr	r2, [r5, #80]	@ float
 448:Core/Src/balance_car/raspi_link.c ****     payload_len = snprintf(payload, sizeof(payload),
 2070              		.loc 1 448 5 view .LVU607
ARM GAS  C:\Users\future\AppData\Local\Temp\cc1ED0ni.s 			page 52


 2071 007e 0DF1180A 		add	r10, sp, #24
 2072 0082 1021     		movs	r1, #16
 2073 0084 5046     		mov	r0, r10
 2074 0086 FFF7FEFF 		bl	RaspiLink_FormatFixed4
 2075              	.LVL196:
 449:Core/Src/balance_car/raspi_link.c ****                            "BO,%lu,%lu,%s,%s,%s,%s,%s",
 2076              		.loc 1 449 5 is_stmt 1 view .LVU608
 451:Core/Src/balance_car/raspi_link.c ****                            (unsigned long)now,
 2077              		.loc 1 451 61 is_stmt 0 view .LVU609
 2078 008a 2B6B     		ldr	r3, [r5, #48]
 449:Core/Src/balance_car/raspi_link.c ****                            "BO,%lu,%lu,%s,%s,%s,%s,%s",
 2079              		.loc 1 449 19 view .LVU610
 2080 008c CDF814A0 		str	r10, [sp, #20]
 2081 0090 CDF81090 		str	r9, [sp, #16]
 2082 0094 CDF80C80 		str	r8, [sp, #12]
 2083 0098 0297     		str	r7, [sp, #8]
 2084 009a 0196     		str	r6, [sp, #4]
 2085 009c 0094     		str	r4, [sp]
 2086 009e 234A     		ldr	r2, .L169+12
 2087 00a0 5021     		movs	r1, #80
 2088 00a2 1AA8     		add	r0, sp, #104
 2089 00a4 FFF7FEFF 		bl	snprintf
 2090              	.LVL197:
 458:Core/Src/balance_car/raspi_link.c ****         g_raspi_link_state.tx_error_count++;
 2091              		.loc 1 458 5 is_stmt 1 view .LVU611
 458:Core/Src/balance_car/raspi_link.c ****         g_raspi_link_state.tx_error_count++;
 2092              		.loc 1 458 26 is_stmt 0 view .LVU612
 2093 00a8 0138     		subs	r0, r0, #1
 2094              	.LVL198:
 458:Core/Src/balance_car/raspi_link.c ****         g_raspi_link_state.tx_error_count++;
 2095              		.loc 1 458 8 view .LVU613
 2096 00aa 4E28     		cmp	r0, #78
 2097 00ac 03D9     		bls	.L160
 459:Core/Src/balance_car/raspi_link.c ****         return;
 2098              		.loc 1 459 9 is_stmt 1 view .LVU614
 459:Core/Src/balance_car/raspi_link.c ****         return;
 2099              		.loc 1 459 27 is_stmt 0 view .LVU615
 2100 00ae 2B69     		ldr	r3, [r5, #16]
 459:Core/Src/balance_car/raspi_link.c ****         return;
 2101              		.loc 1 459 42 view .LVU616
 2102 00b0 0133     		adds	r3, r3, #1
 2103 00b2 2B61     		str	r3, [r5, #16]
 460:Core/Src/balance_car/raspi_link.c ****     }
 2104              		.loc 1 460 9 is_stmt 1 view .LVU617
 2105 00b4 C1E7     		b	.L157
 2106              	.L160:
 463:Core/Src/balance_car/raspi_link.c ****     frame_len = snprintf(s_tx_line, sizeof(s_tx_line), "$%s*%02X\n", payload, checksum);
 2107              		.loc 1 463 5 view .LVU618
 463:Core/Src/balance_car/raspi_link.c ****     frame_len = snprintf(s_tx_line, sizeof(s_tx_line), "$%s*%02X\n", payload, checksum);
 2108              		.loc 1 463 16 is_stmt 0 view .LVU619
 2109 00b6 1AA8     		add	r0, sp, #104
 2110              	.LVL199:
 463:Core/Src/balance_car/raspi_link.c ****     frame_len = snprintf(s_tx_line, sizeof(s_tx_line), "$%s*%02X\n", payload, checksum);
 2111              		.loc 1 463 16 view .LVU620
 2112 00b8 FFF7FEFF 		bl	RaspiLink_ChecksumAscii
 2113              	.LVL200:
 464:Core/Src/balance_car/raspi_link.c ****     if (frame_len <= 0 || frame_len >= (int)sizeof(s_tx_line)) {
ARM GAS  C:\Users\future\AppData\Local\Temp\cc1ED0ni.s 			page 53


 2114              		.loc 1 464 5 is_stmt 1 view .LVU621
 464:Core/Src/balance_car/raspi_link.c ****     if (frame_len <= 0 || frame_len >= (int)sizeof(s_tx_line)) {
 2115              		.loc 1 464 17 is_stmt 0 view .LVU622
 2116 00bc 0090     		str	r0, [sp]
 2117 00be 1AAB     		add	r3, sp, #104
 2118 00c0 1B4A     		ldr	r2, .L169+16
 2119 00c2 6021     		movs	r1, #96
 2120 00c4 1B48     		ldr	r0, .L169+20
 2121              	.LVL201:
 464:Core/Src/balance_car/raspi_link.c ****     if (frame_len <= 0 || frame_len >= (int)sizeof(s_tx_line)) {
 2122              		.loc 1 464 17 view .LVU623
 2123 00c6 FFF7FEFF 		bl	snprintf
 2124              	.LVL202:
 464:Core/Src/balance_car/raspi_link.c ****     if (frame_len <= 0 || frame_len >= (int)sizeof(s_tx_line)) {
 2125              		.loc 1 464 17 view .LVU624
 2126 00ca 0546     		mov	r5, r0
 2127              	.LVL203:
 465:Core/Src/balance_car/raspi_link.c ****         g_raspi_link_state.tx_error_count++;
 2128              		.loc 1 465 5 is_stmt 1 view .LVU625
 465:Core/Src/balance_car/raspi_link.c ****         g_raspi_link_state.tx_error_count++;
 2129              		.loc 1 465 24 is_stmt 0 view .LVU626
 2130 00cc 431E     		subs	r3, r0, #1
 465:Core/Src/balance_car/raspi_link.c ****         g_raspi_link_state.tx_error_count++;
 2131              		.loc 1 465 8 view .LVU627
 2132 00ce 5E2B     		cmp	r3, #94
 2133 00d0 04D9     		bls	.L161
 466:Core/Src/balance_car/raspi_link.c ****         return;
 2134              		.loc 1 466 9 is_stmt 1 view .LVU628
 466:Core/Src/balance_car/raspi_link.c ****         return;
 2135              		.loc 1 466 27 is_stmt 0 view .LVU629
 2136 00d2 154A     		ldr	r2, .L169+8
 2137 00d4 1369     		ldr	r3, [r2, #16]
 466:Core/Src/balance_car/raspi_link.c ****         return;
 2138              		.loc 1 466 42 view .LVU630
 2139 00d6 0133     		adds	r3, r3, #1
 2140 00d8 1361     		str	r3, [r2, #16]
 467:Core/Src/balance_car/raspi_link.c ****     }
 2141              		.loc 1 467 9 is_stmt 1 view .LVU631
 2142 00da AEE7     		b	.L157
 2143              	.L161:
 470:Core/Src/balance_car/raspi_link.c ****             s_tx_line,
 2144              		.loc 1 470 5 view .LVU632
 2145 00dc 154F     		ldr	r7, .L169+20
 2146 00de 164E     		ldr	r6, .L169+24
 2147 00e0 5F22     		movs	r2, #95
 2148 00e2 3946     		mov	r1, r7
 2149 00e4 3046     		mov	r0, r6
 2150              	.LVL204:
 470:Core/Src/balance_car/raspi_link.c ****             s_tx_line,
 2151              		.loc 1 470 5 is_stmt 0 view .LVU633
 2152 00e6 FFF7FEFF 		bl	strncpy
 2153              	.LVL205:
 473:Core/Src/balance_car/raspi_link.c **** 
 2154              		.loc 1 473 5 is_stmt 1 view .LVU634
 473:Core/Src/balance_car/raspi_link.c **** 
 2155              		.loc 1 473 85 is_stmt 0 view .LVU635
 2156 00ea 0023     		movs	r3, #0
ARM GAS  C:\Users\future\AppData\Local\Temp\cc1ED0ni.s 			page 54


 2157 00ec 86F85F30 		strb	r3, [r6, #95]
 475:Core/Src/balance_car/raspi_link.c ****     if (HAL_UART_Transmit_IT(&s_huart_raspi, (uint8_t *)s_tx_line, (uint16_t)frame_len) != HAL_OK) 
 2158              		.loc 1 475 5 is_stmt 1 view .LVU636
 475:Core/Src/balance_car/raspi_link.c ****     if (HAL_UART_Transmit_IT(&s_huart_raspi, (uint8_t *)s_tx_line, (uint16_t)frame_len) != HAL_OK) 
 2159              		.loc 1 475 32 is_stmt 0 view .LVU637
 2160 00f0 0123     		movs	r3, #1
 2161 00f2 06F8A03C 		strb	r3, [r6, #-160]
 473:Core/Src/balance_car/raspi_link.c **** 
 2162              		.loc 1 473 85 view .LVU638
 2163 00f6 A43E     		subs	r6, r6, #164
 476:Core/Src/balance_car/raspi_link.c ****         g_raspi_link_state.tx_busy = 0U;
 2164              		.loc 1 476 5 is_stmt 1 view .LVU639
 476:Core/Src/balance_car/raspi_link.c ****         g_raspi_link_state.tx_busy = 0U;
 2165              		.loc 1 476 9 is_stmt 0 view .LVU640
 2166 00f8 AAB2     		uxth	r2, r5
 2167 00fa 3946     		mov	r1, r7
 2168 00fc 0F48     		ldr	r0, .L169+28
 2169 00fe FFF7FEFF 		bl	HAL_UART_Transmit_IT
 2170              	.LVL206:
 476:Core/Src/balance_car/raspi_link.c ****         g_raspi_link_state.tx_busy = 0U;
 2171              		.loc 1 476 8 discriminator 1 view .LVU641
 2172 0102 28B9     		cbnz	r0, .L168
 481:Core/Src/balance_car/raspi_link.c ****     g_raspi_link_state.last_tx_ms = now;
 2173              		.loc 1 481 5 is_stmt 1 view .LVU642
 481:Core/Src/balance_car/raspi_link.c ****     g_raspi_link_state.last_tx_ms = now;
 2174              		.loc 1 481 23 is_stmt 0 view .LVU643
 2175 0104 084B     		ldr	r3, .L169+8
 2176 0106 DA68     		ldr	r2, [r3, #12]
 481:Core/Src/balance_car/raspi_link.c ****     g_raspi_link_state.last_tx_ms = now;
 2177              		.loc 1 481 32 view .LVU644
 2178 0108 0132     		adds	r2, r2, #1
 2179 010a DA60     		str	r2, [r3, #12]
 482:Core/Src/balance_car/raspi_link.c **** }
 2180              		.loc 1 482 5 is_stmt 1 view .LVU645
 482:Core/Src/balance_car/raspi_link.c **** }
 2181              		.loc 1 482 35 is_stmt 0 view .LVU646
 2182 010c 9C62     		str	r4, [r3, #40]
 2183 010e 94E7     		b	.L157
 2184              	.L168:
 477:Core/Src/balance_car/raspi_link.c ****         g_raspi_link_state.tx_error_count++;
 2185              		.loc 1 477 9 is_stmt 1 view .LVU647
 477:Core/Src/balance_car/raspi_link.c ****         g_raspi_link_state.tx_error_count++;
 2186              		.loc 1 477 36 is_stmt 0 view .LVU648
 2187 0110 0022     		movs	r2, #0
 2188 0112 3271     		strb	r2, [r6, #4]
 478:Core/Src/balance_car/raspi_link.c ****         return;
 2189              		.loc 1 478 9 is_stmt 1 view .LVU649
 478:Core/Src/balance_car/raspi_link.c ****         return;
 2190              		.loc 1 478 27 is_stmt 0 view .LVU650
 2191 0114 3269     		ldr	r2, [r6, #16]
 478:Core/Src/balance_car/raspi_link.c ****         return;
 2192              		.loc 1 478 42 view .LVU651
 2193 0116 0132     		adds	r2, r2, #1
 2194 0118 3261     		str	r2, [r6, #16]
 479:Core/Src/balance_car/raspi_link.c ****     }
 2195              		.loc 1 479 9 is_stmt 1 view .LVU652
 2196 011a 8EE7     		b	.L157
ARM GAS  C:\Users\future\AppData\Local\Temp\cc1ED0ni.s 			page 55


 2197              	.LVL207:
 2198              	.L165:
 2199              	.LCFI40:
 2200              		.cfi_def_cfa_offset 0
 2201              		.cfi_restore 4
 2202              		.cfi_restore 5
 2203              		.cfi_restore 6
 2204              		.cfi_restore 7
 2205              		.cfi_restore 8
 2206              		.cfi_restore 9
 2207              		.cfi_restore 10
 2208              		.cfi_restore 14
 479:Core/Src/balance_car/raspi_link.c ****     }
 2209              		.loc 1 479 9 is_stmt 0 view .LVU653
 2210 011c 7047     		bx	lr
 2211              	.L170:
 2212 011e 00BF     		.align	2
 2213              	.L169:
 2214 0120 00000000 		.word	g_raspi_link_debug
 2215 0124 00000000 		.word	s_next_odom_tx_ms
 2216 0128 00000000 		.word	g_raspi_link_state
 2217 012c 00000000 		.word	.LC4
 2218 0130 1C000000 		.word	.LC5
 2219 0134 00000000 		.word	s_tx_line
 2220 0138 A4000000 		.word	g_raspi_link_state+164
 2221 013c 00000000 		.word	s_huart_raspi
 2222              		.cfi_endproc
 2223              	.LFE86:
 2225              		.section	.text.RaspiLink_Init,"ax",%progbits
 2226              		.align	1
 2227              		.global	RaspiLink_Init
 2228              		.syntax unified
 2229              		.thumb
 2230              		.thumb_func
 2232              	RaspiLink_Init:
 2233              	.LFB74:
 129:Core/Src/balance_car/raspi_link.c ****     HAL_StatusTypeDef status;
 2234              		.loc 1 129 1 is_stmt 1 view -0
 2235              		.cfi_startproc
 2236              		@ args = 0, pretend = 0, frame = 0
 2237              		@ frame_needed = 0, uses_anonymous_args = 0
 2238 0000 10B5     		push	{r4, lr}
 2239              	.LCFI41:
 2240              		.cfi_def_cfa_offset 8
 2241              		.cfi_offset 4, -8
 2242              		.cfi_offset 14, -4
 130:Core/Src/balance_car/raspi_link.c **** 
 2243              		.loc 1 130 5 view .LVU655
 132:Core/Src/balance_car/raspi_link.c ****     s_rx_index = 0U;
 2244              		.loc 1 132 5 view .LVU656
 2245 0002 4FF48272 		mov	r2, #260
 2246 0006 0021     		movs	r1, #0
 2247 0008 0D48     		ldr	r0, .L175
 2248 000a FFF7FEFF 		bl	memset
 2249              	.LVL208:
 133:Core/Src/balance_car/raspi_link.c ****     s_line_ready = 0U;
 2250              		.loc 1 133 5 view .LVU657
ARM GAS  C:\Users\future\AppData\Local\Temp\cc1ED0ni.s 			page 56


 133:Core/Src/balance_car/raspi_link.c ****     s_line_ready = 0U;
 2251              		.loc 1 133 16 is_stmt 0 view .LVU658
 2252 000e 0023     		movs	r3, #0
 2253 0010 0C4A     		ldr	r2, .L175+4
 2254 0012 1370     		strb	r3, [r2]
 134:Core/Src/balance_car/raspi_link.c ****     s_next_odom_tx_ms = HAL_GetTick() + g_raspi_link_debug.odom_period_ms;
 2255              		.loc 1 134 5 is_stmt 1 view .LVU659
 134:Core/Src/balance_car/raspi_link.c ****     s_next_odom_tx_ms = HAL_GetTick() + g_raspi_link_debug.odom_period_ms;
 2256              		.loc 1 134 18 is_stmt 0 view .LVU660
 2257 0014 0C4A     		ldr	r2, .L175+8
 2258 0016 1370     		strb	r3, [r2]
 135:Core/Src/balance_car/raspi_link.c ****     s_last_odom_update_ms = HAL_GetTick();
 2259              		.loc 1 135 5 is_stmt 1 view .LVU661
 135:Core/Src/balance_car/raspi_link.c ****     s_last_odom_update_ms = HAL_GetTick();
 2260              		.loc 1 135 25 is_stmt 0 view .LVU662
 2261 0018 FFF7FEFF 		bl	HAL_GetTick
 2262              	.LVL209:
 135:Core/Src/balance_car/raspi_link.c ****     s_last_odom_update_ms = HAL_GetTick();
 2263              		.loc 1 135 59 discriminator 1 view .LVU663
 2264 001c 0B4B     		ldr	r3, .L175+12
 2265 001e 5B69     		ldr	r3, [r3, #20]
 135:Core/Src/balance_car/raspi_link.c ****     s_last_odom_update_ms = HAL_GetTick();
 2266              		.loc 1 135 39 discriminator 1 view .LVU664
 2267 0020 1844     		add	r0, r0, r3
 135:Core/Src/balance_car/raspi_link.c ****     s_last_odom_update_ms = HAL_GetTick();
 2268              		.loc 1 135 23 discriminator 1 view .LVU665
 2269 0022 0B4B     		ldr	r3, .L175+16
 2270 0024 1860     		str	r0, [r3]
 136:Core/Src/balance_car/raspi_link.c ****     status = RaspiLink_UartInit();
 2271              		.loc 1 136 5 is_stmt 1 view .LVU666
 136:Core/Src/balance_car/raspi_link.c ****     status = RaspiLink_UartInit();
 2272              		.loc 1 136 29 is_stmt 0 view .LVU667
 2273 0026 FFF7FEFF 		bl	HAL_GetTick
 2274              	.LVL210:
 136:Core/Src/balance_car/raspi_link.c ****     status = RaspiLink_UartInit();
 2275              		.loc 1 136 27 discriminator 1 view .LVU668
 2276 002a 0A4B     		ldr	r3, .L175+20
 2277 002c 1860     		str	r0, [r3]
 137:Core/Src/balance_car/raspi_link.c ****     if (status == HAL_OK) {
 2278              		.loc 1 137 5 is_stmt 1 view .LVU669
 137:Core/Src/balance_car/raspi_link.c ****     if (status == HAL_OK) {
 2279              		.loc 1 137 14 is_stmt 0 view .LVU670
 2280 002e FFF7FEFF 		bl	RaspiLink_UartInit
 2281              	.LVL211:
 138:Core/Src/balance_car/raspi_link.c ****         RaspiLink_StartReceive();
 2282              		.loc 1 138 5 is_stmt 1 view .LVU671
 138:Core/Src/balance_car/raspi_link.c ****         RaspiLink_StartReceive();
 2283              		.loc 1 138 8 is_stmt 0 view .LVU672
 2284 0032 0446     		mov	r4, r0
 2285 0034 08B1     		cbz	r0, .L174
 2286              	.LVL212:
 2287              	.L172:
 141:Core/Src/balance_car/raspi_link.c **** }
 2288              		.loc 1 141 5 is_stmt 1 view .LVU673
 142:Core/Src/balance_car/raspi_link.c **** 
 2289              		.loc 1 142 1 is_stmt 0 view .LVU674
 2290 0036 2046     		mov	r0, r4
ARM GAS  C:\Users\future\AppData\Local\Temp\cc1ED0ni.s 			page 57


 2291 0038 10BD     		pop	{r4, pc}
 2292              	.LVL213:
 2293              	.L174:
 139:Core/Src/balance_car/raspi_link.c ****     }
 2294              		.loc 1 139 9 is_stmt 1 view .LVU675
 2295 003a FFF7FEFF 		bl	RaspiLink_StartReceive
 2296              	.LVL214:
 139:Core/Src/balance_car/raspi_link.c ****     }
 2297              		.loc 1 139 9 is_stmt 0 view .LVU676
 2298 003e FAE7     		b	.L172
 2299              	.L176:
 2300              		.align	2
 2301              	.L175:
 2302 0040 00000000 		.word	g_raspi_link_state
 2303 0044 00000000 		.word	s_rx_index
 2304 0048 00000000 		.word	s_line_ready
 2305 004c 00000000 		.word	g_raspi_link_debug
 2306 0050 00000000 		.word	s_next_odom_tx_ms
 2307 0054 00000000 		.word	s_last_odom_update_ms
 2308              		.cfi_endproc
 2309              	.LFE74:
 2311              		.section	.text.RaspiLink_Background,"ax",%progbits
 2312              		.align	1
 2313              		.global	RaspiLink_Background
 2314              		.syntax unified
 2315              		.thumb
 2316              		.thumb_func
 2318              	RaspiLink_Background:
 2319              	.LFB87:
 484:Core/Src/balance_car/raspi_link.c **** 
 485:Core/Src/balance_car/raspi_link.c **** void RaspiLink_Background(void)
 486:Core/Src/balance_car/raspi_link.c **** {
 2320              		.loc 1 486 1 is_stmt 1 view -0
 2321              		.cfi_startproc
 2322              		@ args = 0, pretend = 0, frame = 0
 2323              		@ frame_needed = 0, uses_anonymous_args = 0
 2324 0000 38B5     		push	{r3, r4, r5, lr}
 2325              	.LCFI42:
 2326              		.cfi_def_cfa_offset 16
 2327              		.cfi_offset 3, -16
 2328              		.cfi_offset 4, -12
 2329              		.cfi_offset 5, -8
 2330              		.cfi_offset 14, -4
 487:Core/Src/balance_car/raspi_link.c ****     uint32_t now = HAL_GetTick();
 2331              		.loc 1 487 5 view .LVU678
 2332              		.loc 1 487 20 is_stmt 0 view .LVU679
 2333 0002 FFF7FEFF 		bl	HAL_GetTick
 2334              	.LVL215:
 2335 0006 0446     		mov	r4, r0
 2336              	.LVL216:
 488:Core/Src/balance_car/raspi_link.c **** 
 489:Core/Src/balance_car/raspi_link.c ****     if (s_line_ready != 0U) {
 2337              		.loc 1 489 5 is_stmt 1 view .LVU680
 2338              		.loc 1 489 22 is_stmt 0 view .LVU681
 2339 0008 0F4B     		ldr	r3, .L181
 2340 000a 1B78     		ldrb	r3, [r3]	@ zero_extendqisi2
 2341              		.loc 1 489 8 view .LVU682
ARM GAS  C:\Users\future\AppData\Local\Temp\cc1ED0ni.s 			page 58


 2342 000c 43B9     		cbnz	r3, .L180
 2343              	.LVL217:
 2344              	.L178:
 490:Core/Src/balance_car/raspi_link.c ****         __disable_irq();
 491:Core/Src/balance_car/raspi_link.c ****         strncpy(s_parse_line, s_rx_line, sizeof(s_parse_line) - 1U);
 492:Core/Src/balance_car/raspi_link.c ****         s_parse_line[sizeof(s_parse_line) - 1U] = '\0';
 493:Core/Src/balance_car/raspi_link.c ****         s_line_ready = 0U;
 494:Core/Src/balance_car/raspi_link.c ****         g_raspi_link_state.frame_ready = 0U;
 495:Core/Src/balance_car/raspi_link.c ****         __enable_irq();
 496:Core/Src/balance_car/raspi_link.c **** 
 497:Core/Src/balance_car/raspi_link.c ****         RaspiLink_ProcessLine(s_parse_line);
 498:Core/Src/balance_car/raspi_link.c ****     }
 499:Core/Src/balance_car/raspi_link.c **** 
 500:Core/Src/balance_car/raspi_link.c ****     RaspiLink_UpdateOdometry(now);
 2345              		.loc 1 500 5 is_stmt 1 view .LVU683
 2346 000e 2046     		mov	r0, r4
 2347 0010 FFF7FEFF 		bl	RaspiLink_UpdateOdometry
 2348              	.LVL218:
 501:Core/Src/balance_car/raspi_link.c ****     RaspiLink_CheckTimeout();
 2349              		.loc 1 501 5 view .LVU684
 2350 0014 FFF7FEFF 		bl	RaspiLink_CheckTimeout
 2351              	.LVL219:
 502:Core/Src/balance_car/raspi_link.c ****     RaspiLink_SendOdometry(now);
 2352              		.loc 1 502 5 view .LVU685
 2353 0018 2046     		mov	r0, r4
 2354 001a FFF7FEFF 		bl	RaspiLink_SendOdometry
 2355              	.LVL220:
 503:Core/Src/balance_car/raspi_link.c **** }
 2356              		.loc 1 503 1 is_stmt 0 view .LVU686
 2357 001e 38BD     		pop	{r3, r4, r5, pc}
 2358              	.LVL221:
 2359              	.L180:
 490:Core/Src/balance_car/raspi_link.c ****         strncpy(s_parse_line, s_rx_line, sizeof(s_parse_line) - 1U);
 2360              		.loc 1 490 9 is_stmt 1 view .LVU687
 2361              	.LBB10:
 2362              	.LBI10:
 2363              		.file 2 "Drivers/CMSIS/Include/cmsis_gcc.h"
   1:Drivers/CMSIS/Include/cmsis_gcc.h **** /**************************************************************************//**
   2:Drivers/CMSIS/Include/cmsis_gcc.h ****  * @file     cmsis_gcc.h
   3:Drivers/CMSIS/Include/cmsis_gcc.h ****  * @brief    CMSIS compiler GCC header file
   4:Drivers/CMSIS/Include/cmsis_gcc.h ****  * @version  V5.0.4
   5:Drivers/CMSIS/Include/cmsis_gcc.h ****  * @date     09. April 2018
   6:Drivers/CMSIS/Include/cmsis_gcc.h ****  ******************************************************************************/
   7:Drivers/CMSIS/Include/cmsis_gcc.h **** /*
   8:Drivers/CMSIS/Include/cmsis_gcc.h ****  * Copyright (c) 2009-2018 Arm Limited. All rights reserved.
   9:Drivers/CMSIS/Include/cmsis_gcc.h ****  *
  10:Drivers/CMSIS/Include/cmsis_gcc.h ****  * SPDX-License-Identifier: Apache-2.0
  11:Drivers/CMSIS/Include/cmsis_gcc.h ****  *
  12:Drivers/CMSIS/Include/cmsis_gcc.h ****  * Licensed under the Apache License, Version 2.0 (the License); you may
  13:Drivers/CMSIS/Include/cmsis_gcc.h ****  * not use this file except in compliance with the License.
  14:Drivers/CMSIS/Include/cmsis_gcc.h ****  * You may obtain a copy of the License at
  15:Drivers/CMSIS/Include/cmsis_gcc.h ****  *
  16:Drivers/CMSIS/Include/cmsis_gcc.h ****  * www.apache.org/licenses/LICENSE-2.0
  17:Drivers/CMSIS/Include/cmsis_gcc.h ****  *
  18:Drivers/CMSIS/Include/cmsis_gcc.h ****  * Unless required by applicable law or agreed to in writing, software
  19:Drivers/CMSIS/Include/cmsis_gcc.h ****  * distributed under the License is distributed on an AS IS BASIS, WITHOUT
  20:Drivers/CMSIS/Include/cmsis_gcc.h ****  * WARRANTIES OR CONDITIONS OF ANY KIND, either express or implied.
ARM GAS  C:\Users\future\AppData\Local\Temp\cc1ED0ni.s 			page 59


  21:Drivers/CMSIS/Include/cmsis_gcc.h ****  * See the License for the specific language governing permissions and
  22:Drivers/CMSIS/Include/cmsis_gcc.h ****  * limitations under the License.
  23:Drivers/CMSIS/Include/cmsis_gcc.h ****  */
  24:Drivers/CMSIS/Include/cmsis_gcc.h **** 
  25:Drivers/CMSIS/Include/cmsis_gcc.h **** #ifndef __CMSIS_GCC_H
  26:Drivers/CMSIS/Include/cmsis_gcc.h **** #define __CMSIS_GCC_H
  27:Drivers/CMSIS/Include/cmsis_gcc.h **** 
  28:Drivers/CMSIS/Include/cmsis_gcc.h **** /* ignore some GCC warnings */
  29:Drivers/CMSIS/Include/cmsis_gcc.h **** #pragma GCC diagnostic push
  30:Drivers/CMSIS/Include/cmsis_gcc.h **** #pragma GCC diagnostic ignored "-Wsign-conversion"
  31:Drivers/CMSIS/Include/cmsis_gcc.h **** #pragma GCC diagnostic ignored "-Wconversion"
  32:Drivers/CMSIS/Include/cmsis_gcc.h **** #pragma GCC diagnostic ignored "-Wunused-parameter"
  33:Drivers/CMSIS/Include/cmsis_gcc.h **** 
  34:Drivers/CMSIS/Include/cmsis_gcc.h **** /* Fallback for __has_builtin */
  35:Drivers/CMSIS/Include/cmsis_gcc.h **** #ifndef __has_builtin
  36:Drivers/CMSIS/Include/cmsis_gcc.h ****   #define __has_builtin(x) (0)
  37:Drivers/CMSIS/Include/cmsis_gcc.h **** #endif
  38:Drivers/CMSIS/Include/cmsis_gcc.h **** 
  39:Drivers/CMSIS/Include/cmsis_gcc.h **** /* CMSIS compiler specific defines */
  40:Drivers/CMSIS/Include/cmsis_gcc.h **** #ifndef   __ASM
  41:Drivers/CMSIS/Include/cmsis_gcc.h ****   #define __ASM                                  __asm
  42:Drivers/CMSIS/Include/cmsis_gcc.h **** #endif
  43:Drivers/CMSIS/Include/cmsis_gcc.h **** #ifndef   __INLINE
  44:Drivers/CMSIS/Include/cmsis_gcc.h ****   #define __INLINE                               inline
  45:Drivers/CMSIS/Include/cmsis_gcc.h **** #endif
  46:Drivers/CMSIS/Include/cmsis_gcc.h **** #ifndef   __STATIC_INLINE
  47:Drivers/CMSIS/Include/cmsis_gcc.h ****   #define __STATIC_INLINE                        static inline
  48:Drivers/CMSIS/Include/cmsis_gcc.h **** #endif
  49:Drivers/CMSIS/Include/cmsis_gcc.h **** #ifndef   __STATIC_FORCEINLINE                 
  50:Drivers/CMSIS/Include/cmsis_gcc.h ****   #define __STATIC_FORCEINLINE                   __attribute__((always_inline)) static inline
  51:Drivers/CMSIS/Include/cmsis_gcc.h **** #endif                                           
  52:Drivers/CMSIS/Include/cmsis_gcc.h **** #ifndef   __NO_RETURN
  53:Drivers/CMSIS/Include/cmsis_gcc.h ****   #define __NO_RETURN                            __attribute__((__noreturn__))
  54:Drivers/CMSIS/Include/cmsis_gcc.h **** #endif
  55:Drivers/CMSIS/Include/cmsis_gcc.h **** #ifndef   __USED
  56:Drivers/CMSIS/Include/cmsis_gcc.h ****   #define __USED                                 __attribute__((used))
  57:Drivers/CMSIS/Include/cmsis_gcc.h **** #endif
  58:Drivers/CMSIS/Include/cmsis_gcc.h **** #ifndef   __WEAK
  59:Drivers/CMSIS/Include/cmsis_gcc.h ****   #define __WEAK                                 __attribute__((weak))
  60:Drivers/CMSIS/Include/cmsis_gcc.h **** #endif
  61:Drivers/CMSIS/Include/cmsis_gcc.h **** #ifndef   __PACKED
  62:Drivers/CMSIS/Include/cmsis_gcc.h ****   #define __PACKED                               __attribute__((packed, aligned(1)))
  63:Drivers/CMSIS/Include/cmsis_gcc.h **** #endif
  64:Drivers/CMSIS/Include/cmsis_gcc.h **** #ifndef   __PACKED_STRUCT
  65:Drivers/CMSIS/Include/cmsis_gcc.h ****   #define __PACKED_STRUCT                        struct __attribute__((packed, aligned(1)))
  66:Drivers/CMSIS/Include/cmsis_gcc.h **** #endif
  67:Drivers/CMSIS/Include/cmsis_gcc.h **** #ifndef   __PACKED_UNION
  68:Drivers/CMSIS/Include/cmsis_gcc.h ****   #define __PACKED_UNION                         union __attribute__((packed, aligned(1)))
  69:Drivers/CMSIS/Include/cmsis_gcc.h **** #endif
  70:Drivers/CMSIS/Include/cmsis_gcc.h **** #ifndef   __UNALIGNED_UINT32        /* deprecated */
  71:Drivers/CMSIS/Include/cmsis_gcc.h ****   #pragma GCC diagnostic push
  72:Drivers/CMSIS/Include/cmsis_gcc.h ****   #pragma GCC diagnostic ignored "-Wpacked"
  73:Drivers/CMSIS/Include/cmsis_gcc.h ****   #pragma GCC diagnostic ignored "-Wattributes"
  74:Drivers/CMSIS/Include/cmsis_gcc.h ****   struct __attribute__((packed)) T_UINT32 { uint32_t v; };
  75:Drivers/CMSIS/Include/cmsis_gcc.h ****   #pragma GCC diagnostic pop
  76:Drivers/CMSIS/Include/cmsis_gcc.h ****   #define __UNALIGNED_UINT32(x)                  (((struct T_UINT32 *)(x))->v)
  77:Drivers/CMSIS/Include/cmsis_gcc.h **** #endif
ARM GAS  C:\Users\future\AppData\Local\Temp\cc1ED0ni.s 			page 60


  78:Drivers/CMSIS/Include/cmsis_gcc.h **** #ifndef   __UNALIGNED_UINT16_WRITE
  79:Drivers/CMSIS/Include/cmsis_gcc.h ****   #pragma GCC diagnostic push
  80:Drivers/CMSIS/Include/cmsis_gcc.h ****   #pragma GCC diagnostic ignored "-Wpacked"
  81:Drivers/CMSIS/Include/cmsis_gcc.h ****   #pragma GCC diagnostic ignored "-Wattributes"
  82:Drivers/CMSIS/Include/cmsis_gcc.h ****   __PACKED_STRUCT T_UINT16_WRITE { uint16_t v; };
  83:Drivers/CMSIS/Include/cmsis_gcc.h ****   #pragma GCC diagnostic pop
  84:Drivers/CMSIS/Include/cmsis_gcc.h ****   #define __UNALIGNED_UINT16_WRITE(addr, val)    (void)((((struct T_UINT16_WRITE *)(void *)(addr))-
  85:Drivers/CMSIS/Include/cmsis_gcc.h **** #endif
  86:Drivers/CMSIS/Include/cmsis_gcc.h **** #ifndef   __UNALIGNED_UINT16_READ
  87:Drivers/CMSIS/Include/cmsis_gcc.h ****   #pragma GCC diagnostic push
  88:Drivers/CMSIS/Include/cmsis_gcc.h ****   #pragma GCC diagnostic ignored "-Wpacked"
  89:Drivers/CMSIS/Include/cmsis_gcc.h ****   #pragma GCC diagnostic ignored "-Wattributes"
  90:Drivers/CMSIS/Include/cmsis_gcc.h ****   __PACKED_STRUCT T_UINT16_READ { uint16_t v; };
  91:Drivers/CMSIS/Include/cmsis_gcc.h ****   #pragma GCC diagnostic pop
  92:Drivers/CMSIS/Include/cmsis_gcc.h ****   #define __UNALIGNED_UINT16_READ(addr)          (((const struct T_UINT16_READ *)(const void *)(add
  93:Drivers/CMSIS/Include/cmsis_gcc.h **** #endif
  94:Drivers/CMSIS/Include/cmsis_gcc.h **** #ifndef   __UNALIGNED_UINT32_WRITE
  95:Drivers/CMSIS/Include/cmsis_gcc.h ****   #pragma GCC diagnostic push
  96:Drivers/CMSIS/Include/cmsis_gcc.h ****   #pragma GCC diagnostic ignored "-Wpacked"
  97:Drivers/CMSIS/Include/cmsis_gcc.h ****   #pragma GCC diagnostic ignored "-Wattributes"
  98:Drivers/CMSIS/Include/cmsis_gcc.h ****   __PACKED_STRUCT T_UINT32_WRITE { uint32_t v; };
  99:Drivers/CMSIS/Include/cmsis_gcc.h ****   #pragma GCC diagnostic pop
 100:Drivers/CMSIS/Include/cmsis_gcc.h ****   #define __UNALIGNED_UINT32_WRITE(addr, val)    (void)((((struct T_UINT32_WRITE *)(void *)(addr))-
 101:Drivers/CMSIS/Include/cmsis_gcc.h **** #endif
 102:Drivers/CMSIS/Include/cmsis_gcc.h **** #ifndef   __UNALIGNED_UINT32_READ
 103:Drivers/CMSIS/Include/cmsis_gcc.h ****   #pragma GCC diagnostic push
 104:Drivers/CMSIS/Include/cmsis_gcc.h ****   #pragma GCC diagnostic ignored "-Wpacked"
 105:Drivers/CMSIS/Include/cmsis_gcc.h ****   #pragma GCC diagnostic ignored "-Wattributes"
 106:Drivers/CMSIS/Include/cmsis_gcc.h ****   __PACKED_STRUCT T_UINT32_READ { uint32_t v; };
 107:Drivers/CMSIS/Include/cmsis_gcc.h ****   #pragma GCC diagnostic pop
 108:Drivers/CMSIS/Include/cmsis_gcc.h ****   #define __UNALIGNED_UINT32_READ(addr)          (((const struct T_UINT32_READ *)(const void *)(add
 109:Drivers/CMSIS/Include/cmsis_gcc.h **** #endif
 110:Drivers/CMSIS/Include/cmsis_gcc.h **** #ifndef   __ALIGNED
 111:Drivers/CMSIS/Include/cmsis_gcc.h ****   #define __ALIGNED(x)                           __attribute__((aligned(x)))
 112:Drivers/CMSIS/Include/cmsis_gcc.h **** #endif
 113:Drivers/CMSIS/Include/cmsis_gcc.h **** #ifndef   __RESTRICT
 114:Drivers/CMSIS/Include/cmsis_gcc.h ****   #define __RESTRICT                             __restrict
 115:Drivers/CMSIS/Include/cmsis_gcc.h **** #endif
 116:Drivers/CMSIS/Include/cmsis_gcc.h **** 
 117:Drivers/CMSIS/Include/cmsis_gcc.h **** 
 118:Drivers/CMSIS/Include/cmsis_gcc.h **** /* ###########################  Core Function Access  ########################### */
 119:Drivers/CMSIS/Include/cmsis_gcc.h **** /** \ingroup  CMSIS_Core_FunctionInterface
 120:Drivers/CMSIS/Include/cmsis_gcc.h ****     \defgroup CMSIS_Core_RegAccFunctions CMSIS Core Register Access Functions
 121:Drivers/CMSIS/Include/cmsis_gcc.h ****   @{
 122:Drivers/CMSIS/Include/cmsis_gcc.h ****  */
 123:Drivers/CMSIS/Include/cmsis_gcc.h **** 
 124:Drivers/CMSIS/Include/cmsis_gcc.h **** /**
 125:Drivers/CMSIS/Include/cmsis_gcc.h ****   \brief   Enable IRQ Interrupts
 126:Drivers/CMSIS/Include/cmsis_gcc.h ****   \details Enables IRQ interrupts by clearing the I-bit in the CPSR.
 127:Drivers/CMSIS/Include/cmsis_gcc.h ****            Can only be executed in Privileged modes.
 128:Drivers/CMSIS/Include/cmsis_gcc.h ****  */
 129:Drivers/CMSIS/Include/cmsis_gcc.h **** __STATIC_FORCEINLINE void __enable_irq(void)
 130:Drivers/CMSIS/Include/cmsis_gcc.h **** {
 131:Drivers/CMSIS/Include/cmsis_gcc.h ****   __ASM volatile ("cpsie i" : : : "memory");
 132:Drivers/CMSIS/Include/cmsis_gcc.h **** }
 133:Drivers/CMSIS/Include/cmsis_gcc.h **** 
 134:Drivers/CMSIS/Include/cmsis_gcc.h **** 
ARM GAS  C:\Users\future\AppData\Local\Temp\cc1ED0ni.s 			page 61


 135:Drivers/CMSIS/Include/cmsis_gcc.h **** /**
 136:Drivers/CMSIS/Include/cmsis_gcc.h ****   \brief   Disable IRQ Interrupts
 137:Drivers/CMSIS/Include/cmsis_gcc.h ****   \details Disables IRQ interrupts by setting the I-bit in the CPSR.
 138:Drivers/CMSIS/Include/cmsis_gcc.h ****            Can only be executed in Privileged modes.
 139:Drivers/CMSIS/Include/cmsis_gcc.h ****  */
 140:Drivers/CMSIS/Include/cmsis_gcc.h **** __STATIC_FORCEINLINE void __disable_irq(void)
 2364              		.loc 2 140 27 view .LVU688
 2365              	.LBB11:
 141:Drivers/CMSIS/Include/cmsis_gcc.h **** {
 142:Drivers/CMSIS/Include/cmsis_gcc.h ****   __ASM volatile ("cpsid i" : : : "memory");
 2366              		.loc 2 142 3 view .LVU689
 2367              		.syntax unified
 2368              	@ 142 "Drivers/CMSIS/Include/cmsis_gcc.h" 1
 2369 0020 72B6     		cpsid i
 2370              	@ 0 "" 2
 2371              		.thumb
 2372              		.syntax unified
 2373              	.LBE11:
 2374              	.LBE10:
 491:Core/Src/balance_car/raspi_link.c ****         s_parse_line[sizeof(s_parse_line) - 1U] = '\0';
 2375              		.loc 1 491 9 view .LVU690
 2376 0022 0A4D     		ldr	r5, .L181+4
 2377 0024 4F22     		movs	r2, #79
 2378 0026 0A49     		ldr	r1, .L181+8
 2379 0028 2846     		mov	r0, r5
 2380              	.LVL222:
 491:Core/Src/balance_car/raspi_link.c ****         s_parse_line[sizeof(s_parse_line) - 1U] = '\0';
 2381              		.loc 1 491 9 is_stmt 0 view .LVU691
 2382 002a FFF7FEFF 		bl	strncpy
 2383              	.LVL223:
 492:Core/Src/balance_car/raspi_link.c ****         s_line_ready = 0U;
 2384              		.loc 1 492 9 is_stmt 1 view .LVU692
 492:Core/Src/balance_car/raspi_link.c ****         s_line_ready = 0U;
 2385              		.loc 1 492 49 is_stmt 0 view .LVU693
 2386 002e 0023     		movs	r3, #0
 2387 0030 85F84F30 		strb	r3, [r5, #79]
 493:Core/Src/balance_car/raspi_link.c ****         g_raspi_link_state.frame_ready = 0U;
 2388              		.loc 1 493 9 is_stmt 1 view .LVU694
 493:Core/Src/balance_car/raspi_link.c ****         g_raspi_link_state.frame_ready = 0U;
 2389              		.loc 1 493 22 is_stmt 0 view .LVU695
 2390 0034 044A     		ldr	r2, .L181
 2391 0036 1370     		strb	r3, [r2]
 494:Core/Src/balance_car/raspi_link.c ****         __enable_irq();
 2392              		.loc 1 494 9 is_stmt 1 view .LVU696
 494:Core/Src/balance_car/raspi_link.c ****         __enable_irq();
 2393              		.loc 1 494 40 is_stmt 0 view .LVU697
 2394 0038 064A     		ldr	r2, .L181+12
 2395 003a 5370     		strb	r3, [r2, #1]
 495:Core/Src/balance_car/raspi_link.c **** 
 2396              		.loc 1 495 9 is_stmt 1 view .LVU698
 2397              	.LBB12:
 2398              	.LBI12:
 129:Drivers/CMSIS/Include/cmsis_gcc.h **** {
 2399              		.loc 2 129 27 view .LVU699
 2400              	.LBB13:
 131:Drivers/CMSIS/Include/cmsis_gcc.h **** }
 2401              		.loc 2 131 3 view .LVU700
ARM GAS  C:\Users\future\AppData\Local\Temp\cc1ED0ni.s 			page 62


 2402              		.syntax unified
 2403              	@ 131 "Drivers/CMSIS/Include/cmsis_gcc.h" 1
 2404 003c 62B6     		cpsie i
 2405              	@ 0 "" 2
 2406              		.thumb
 2407              		.syntax unified
 2408              	.LBE13:
 2409              	.LBE12:
 497:Core/Src/balance_car/raspi_link.c ****     }
 2410              		.loc 1 497 9 view .LVU701
 2411 003e 2846     		mov	r0, r5
 2412 0040 FFF7FEFF 		bl	RaspiLink_ProcessLine
 2413              	.LVL224:
 2414 0044 E3E7     		b	.L178
 2415              	.L182:
 2416 0046 00BF     		.align	2
 2417              	.L181:
 2418 0048 00000000 		.word	s_line_ready
 2419 004c 00000000 		.word	s_parse_line
 2420 0050 00000000 		.word	s_rx_line
 2421 0054 00000000 		.word	g_raspi_link_state
 2422              		.cfi_endproc
 2423              	.LFE87:
 2425              		.section	.text.RaspiLink_IRQHandler,"ax",%progbits
 2426              		.align	1
 2427              		.global	RaspiLink_IRQHandler
 2428              		.syntax unified
 2429              		.thumb
 2430              		.thumb_func
 2432              	RaspiLink_IRQHandler:
 2433              	.LFB88:
 504:Core/Src/balance_car/raspi_link.c **** 
 505:Core/Src/balance_car/raspi_link.c **** void RaspiLink_IRQHandler(void)
 506:Core/Src/balance_car/raspi_link.c **** {
 2434              		.loc 1 506 1 view -0
 2435              		.cfi_startproc
 2436              		@ args = 0, pretend = 0, frame = 0
 2437              		@ frame_needed = 0, uses_anonymous_args = 0
 2438 0000 08B5     		push	{r3, lr}
 2439              	.LCFI43:
 2440              		.cfi_def_cfa_offset 8
 2441              		.cfi_offset 3, -8
 2442              		.cfi_offset 14, -4
 507:Core/Src/balance_car/raspi_link.c ****     HAL_UART_IRQHandler(&s_huart_raspi);
 2443              		.loc 1 507 5 view .LVU703
 2444 0002 0248     		ldr	r0, .L185
 2445 0004 FFF7FEFF 		bl	HAL_UART_IRQHandler
 2446              	.LVL225:
 508:Core/Src/balance_car/raspi_link.c **** }
 2447              		.loc 1 508 1 is_stmt 0 view .LVU704
 2448 0008 08BD     		pop	{r3, pc}
 2449              	.L186:
 2450 000a 00BF     		.align	2
 2451              	.L185:
 2452 000c 00000000 		.word	s_huart_raspi
 2453              		.cfi_endproc
 2454              	.LFE88:
ARM GAS  C:\Users\future\AppData\Local\Temp\cc1ED0ni.s 			page 63


 2456              		.section	.text.RaspiLink_RxCpltCallback,"ax",%progbits
 2457              		.align	1
 2458              		.global	RaspiLink_RxCpltCallback
 2459              		.syntax unified
 2460              		.thumb
 2461              		.thumb_func
 2463              	RaspiLink_RxCpltCallback:
 2464              	.LVL226:
 2465              	.LFB89:
 509:Core/Src/balance_car/raspi_link.c **** 
 510:Core/Src/balance_car/raspi_link.c **** uint8_t RaspiLink_RxCpltCallback(UART_HandleTypeDef *huart)
 511:Core/Src/balance_car/raspi_link.c **** {
 2466              		.loc 1 511 1 is_stmt 1 view -0
 2467              		.cfi_startproc
 2468              		@ args = 0, pretend = 0, frame = 0
 2469              		@ frame_needed = 0, uses_anonymous_args = 0
 512:Core/Src/balance_car/raspi_link.c ****     uint8_t ch;
 2470              		.loc 1 512 5 view .LVU706
 513:Core/Src/balance_car/raspi_link.c **** 
 514:Core/Src/balance_car/raspi_link.c ****     if (huart->Instance != RASPI_UART) {
 2471              		.loc 1 514 5 view .LVU707
 2472              		.loc 1 514 14 is_stmt 0 view .LVU708
 2473 0000 0268     		ldr	r2, [r0]
 2474              		.loc 1 514 8 view .LVU709
 2475 0002 1F4B     		ldr	r3, .L201
 2476 0004 9A42     		cmp	r2, r3
 2477 0006 01D0     		beq	.L198
 515:Core/Src/balance_car/raspi_link.c ****         return 0U;
 2478              		.loc 1 515 16 view .LVU710
 2479 0008 0020     		movs	r0, #0
 2480              	.LVL227:
 516:Core/Src/balance_car/raspi_link.c ****     }
 517:Core/Src/balance_car/raspi_link.c **** 
 518:Core/Src/balance_car/raspi_link.c ****     ch = s_rx_byte;
 519:Core/Src/balance_car/raspi_link.c ****     g_raspi_link_state.rx_count++;
 520:Core/Src/balance_car/raspi_link.c **** 
 521:Core/Src/balance_car/raspi_link.c ****     if (ch == '\r') {
 522:Core/Src/balance_car/raspi_link.c ****         RaspiLink_StartReceive();
 523:Core/Src/balance_car/raspi_link.c ****         return 1U;
 524:Core/Src/balance_car/raspi_link.c ****     }
 525:Core/Src/balance_car/raspi_link.c **** 
 526:Core/Src/balance_car/raspi_link.c ****     if (ch == '\n') {
 527:Core/Src/balance_car/raspi_link.c ****         s_rx_line[s_rx_index] = '\0';
 528:Core/Src/balance_car/raspi_link.c ****         s_rx_index = 0U;
 529:Core/Src/balance_car/raspi_link.c ****         s_line_ready = 1U;
 530:Core/Src/balance_car/raspi_link.c ****         g_raspi_link_state.frame_ready = 1U;
 531:Core/Src/balance_car/raspi_link.c ****         RaspiLink_StartReceive();
 532:Core/Src/balance_car/raspi_link.c ****         return 1U;
 533:Core/Src/balance_car/raspi_link.c ****     }
 534:Core/Src/balance_car/raspi_link.c **** 
 535:Core/Src/balance_car/raspi_link.c ****     if (s_rx_index < RASPI_LINE_MAX) {
 536:Core/Src/balance_car/raspi_link.c ****         s_rx_line[s_rx_index++] = (char)ch;
 537:Core/Src/balance_car/raspi_link.c ****     } else {
 538:Core/Src/balance_car/raspi_link.c ****         s_rx_index = 0U;
 539:Core/Src/balance_car/raspi_link.c ****         s_rx_line[0] = '\0';
 540:Core/Src/balance_car/raspi_link.c ****         RaspiLink_SetFault(RASPI_LINK_FAULT_LINE_OVERFLOW);
 541:Core/Src/balance_car/raspi_link.c ****     }
ARM GAS  C:\Users\future\AppData\Local\Temp\cc1ED0ni.s 			page 64


 542:Core/Src/balance_car/raspi_link.c **** 
 543:Core/Src/balance_car/raspi_link.c ****     RaspiLink_StartReceive();
 544:Core/Src/balance_car/raspi_link.c ****     return 1U;
 545:Core/Src/balance_car/raspi_link.c **** }
 2481              		.loc 1 545 1 view .LVU711
 2482 000a 7047     		bx	lr
 2483              	.LVL228:
 2484              	.L198:
 511:Core/Src/balance_car/raspi_link.c ****     uint8_t ch;
 2485              		.loc 1 511 1 view .LVU712
 2486 000c 10B5     		push	{r4, lr}
 2487              	.LCFI44:
 2488              		.cfi_def_cfa_offset 8
 2489              		.cfi_offset 4, -8
 2490              		.cfi_offset 14, -4
 518:Core/Src/balance_car/raspi_link.c ****     g_raspi_link_state.rx_count++;
 2491              		.loc 1 518 5 is_stmt 1 view .LVU713
 518:Core/Src/balance_car/raspi_link.c ****     g_raspi_link_state.rx_count++;
 2492              		.loc 1 518 8 is_stmt 0 view .LVU714
 2493 000e 1D4B     		ldr	r3, .L201+4
 2494 0010 1A78     		ldrb	r2, [r3]	@ zero_extendqisi2
 2495              	.LVL229:
 519:Core/Src/balance_car/raspi_link.c **** 
 2496              		.loc 1 519 5 is_stmt 1 view .LVU715
 519:Core/Src/balance_car/raspi_link.c **** 
 2497              		.loc 1 519 23 is_stmt 0 view .LVU716
 2498 0012 1D49     		ldr	r1, .L201+8
 2499 0014 8B68     		ldr	r3, [r1, #8]
 519:Core/Src/balance_car/raspi_link.c **** 
 2500              		.loc 1 519 32 view .LVU717
 2501 0016 0133     		adds	r3, r3, #1
 2502 0018 8B60     		str	r3, [r1, #8]
 521:Core/Src/balance_car/raspi_link.c ****         RaspiLink_StartReceive();
 2503              		.loc 1 521 5 is_stmt 1 view .LVU718
 521:Core/Src/balance_car/raspi_link.c ****         RaspiLink_StartReceive();
 2504              		.loc 1 521 8 is_stmt 0 view .LVU719
 2505 001a 0D2A     		cmp	r2, #13
 2506 001c 12D0     		beq	.L199
 526:Core/Src/balance_car/raspi_link.c ****         s_rx_line[s_rx_index] = '\0';
 2507              		.loc 1 526 5 is_stmt 1 view .LVU720
 526:Core/Src/balance_car/raspi_link.c ****         s_rx_line[s_rx_index] = '\0';
 2508              		.loc 1 526 8 is_stmt 0 view .LVU721
 2509 001e 0A2A     		cmp	r2, #10
 2510 0020 14D0     		beq	.L200
 535:Core/Src/balance_car/raspi_link.c ****         s_rx_line[s_rx_index++] = (char)ch;
 2511              		.loc 1 535 5 is_stmt 1 view .LVU722
 535:Core/Src/balance_car/raspi_link.c ****         s_rx_line[s_rx_index++] = (char)ch;
 2512              		.loc 1 535 20 is_stmt 0 view .LVU723
 2513 0022 1A4B     		ldr	r3, .L201+12
 2514 0024 1B78     		ldrb	r3, [r3]	@ zero_extendqisi2
 2515 0026 DBB2     		uxtb	r3, r3
 535:Core/Src/balance_car/raspi_link.c ****         s_rx_line[s_rx_index++] = (char)ch;
 2516              		.loc 1 535 8 view .LVU724
 2517 0028 4E2B     		cmp	r3, #78
 2518 002a 1FD8     		bhi	.L191
 536:Core/Src/balance_car/raspi_link.c ****     } else {
 2519              		.loc 1 536 9 is_stmt 1 view .LVU725
ARM GAS  C:\Users\future\AppData\Local\Temp\cc1ED0ni.s 			page 65


 536:Core/Src/balance_car/raspi_link.c ****     } else {
 2520              		.loc 1 536 29 is_stmt 0 view .LVU726
 2521 002c 1749     		ldr	r1, .L201+12
 2522 002e 0B78     		ldrb	r3, [r1]	@ zero_extendqisi2
 2523 0030 D8B2     		uxtb	r0, r3
 2524              	.LVL230:
 536:Core/Src/balance_car/raspi_link.c ****     } else {
 2525              		.loc 1 536 29 view .LVU727
 2526 0032 0133     		adds	r3, r3, #1
 2527 0034 DBB2     		uxtb	r3, r3
 2528 0036 0B70     		strb	r3, [r1]
 536:Core/Src/balance_car/raspi_link.c ****     } else {
 2529              		.loc 1 536 33 view .LVU728
 2530 0038 154B     		ldr	r3, .L201+16
 2531 003a 1A54     		strb	r2, [r3, r0]
 2532              	.LVL231:
 2533              	.L192:
 543:Core/Src/balance_car/raspi_link.c ****     return 1U;
 2534              		.loc 1 543 5 is_stmt 1 view .LVU729
 2535 003c FFF7FEFF 		bl	RaspiLink_StartReceive
 2536              	.LVL232:
 544:Core/Src/balance_car/raspi_link.c **** }
 2537              		.loc 1 544 5 view .LVU730
 544:Core/Src/balance_car/raspi_link.c **** }
 2538              		.loc 1 544 12 is_stmt 0 view .LVU731
 2539 0040 0120     		movs	r0, #1
 2540              	.L188:
 2541              		.loc 1 545 1 view .LVU732
 2542 0042 10BD     		pop	{r4, pc}
 2543              	.LVL233:
 2544              	.L199:
 522:Core/Src/balance_car/raspi_link.c ****         return 1U;
 2545              		.loc 1 522 9 is_stmt 1 view .LVU733
 2546 0044 FFF7FEFF 		bl	RaspiLink_StartReceive
 2547              	.LVL234:
 523:Core/Src/balance_car/raspi_link.c ****     }
 2548              		.loc 1 523 9 view .LVU734
 523:Core/Src/balance_car/raspi_link.c ****     }
 2549              		.loc 1 523 16 is_stmt 0 view .LVU735
 2550 0048 0120     		movs	r0, #1
 2551 004a FAE7     		b	.L188
 2552              	.LVL235:
 2553              	.L200:
 527:Core/Src/balance_car/raspi_link.c ****         s_rx_index = 0U;
 2554              		.loc 1 527 9 is_stmt 1 view .LVU736
 527:Core/Src/balance_car/raspi_link.c ****         s_rx_index = 0U;
 2555              		.loc 1 527 18 is_stmt 0 view .LVU737
 2556 004c 0F4A     		ldr	r2, .L201+12
 2557              	.LVL236:
 527:Core/Src/balance_car/raspi_link.c ****         s_rx_index = 0U;
 2558              		.loc 1 527 18 view .LVU738
 2559 004e 1378     		ldrb	r3, [r2]	@ zero_extendqisi2
 2560 0050 DBB2     		uxtb	r3, r3
 527:Core/Src/balance_car/raspi_link.c ****         s_rx_index = 0U;
 2561              		.loc 1 527 31 view .LVU739
 2562 0052 0021     		movs	r1, #0
 2563 0054 0E48     		ldr	r0, .L201+16
ARM GAS  C:\Users\future\AppData\Local\Temp\cc1ED0ni.s 			page 66


 2564              	.LVL237:
 527:Core/Src/balance_car/raspi_link.c ****         s_rx_index = 0U;
 2565              		.loc 1 527 31 view .LVU740
 2566 0056 C154     		strb	r1, [r0, r3]
 528:Core/Src/balance_car/raspi_link.c ****         s_line_ready = 1U;
 2567              		.loc 1 528 9 is_stmt 1 view .LVU741
 528:Core/Src/balance_car/raspi_link.c ****         s_line_ready = 1U;
 2568              		.loc 1 528 20 is_stmt 0 view .LVU742
 2569 0058 1170     		strb	r1, [r2]
 529:Core/Src/balance_car/raspi_link.c ****         g_raspi_link_state.frame_ready = 1U;
 2570              		.loc 1 529 9 is_stmt 1 view .LVU743
 529:Core/Src/balance_car/raspi_link.c ****         g_raspi_link_state.frame_ready = 1U;
 2571              		.loc 1 529 22 is_stmt 0 view .LVU744
 2572 005a 0124     		movs	r4, #1
 2573 005c 0D4B     		ldr	r3, .L201+20
 2574 005e 1C70     		strb	r4, [r3]
 530:Core/Src/balance_car/raspi_link.c ****         RaspiLink_StartReceive();
 2575              		.loc 1 530 9 is_stmt 1 view .LVU745
 530:Core/Src/balance_car/raspi_link.c ****         RaspiLink_StartReceive();
 2576              		.loc 1 530 40 is_stmt 0 view .LVU746
 2577 0060 094B     		ldr	r3, .L201+8
 2578 0062 5C70     		strb	r4, [r3, #1]
 531:Core/Src/balance_car/raspi_link.c ****         return 1U;
 2579              		.loc 1 531 9 is_stmt 1 view .LVU747
 2580 0064 FFF7FEFF 		bl	RaspiLink_StartReceive
 2581              	.LVL238:
 532:Core/Src/balance_car/raspi_link.c ****     }
 2582              		.loc 1 532 9 view .LVU748
 532:Core/Src/balance_car/raspi_link.c ****     }
 2583              		.loc 1 532 16 is_stmt 0 view .LVU749
 2584 0068 2046     		mov	r0, r4
 2585 006a EAE7     		b	.L188
 2586              	.LVL239:
 2587              	.L191:
 538:Core/Src/balance_car/raspi_link.c ****         s_rx_line[0] = '\0';
 2588              		.loc 1 538 9 is_stmt 1 view .LVU750
 538:Core/Src/balance_car/raspi_link.c ****         s_rx_line[0] = '\0';
 2589              		.loc 1 538 20 is_stmt 0 view .LVU751
 2590 006c 0023     		movs	r3, #0
 2591 006e 074A     		ldr	r2, .L201+12
 2592              	.LVL240:
 538:Core/Src/balance_car/raspi_link.c ****         s_rx_line[0] = '\0';
 2593              		.loc 1 538 20 view .LVU752
 2594 0070 1370     		strb	r3, [r2]
 539:Core/Src/balance_car/raspi_link.c ****         RaspiLink_SetFault(RASPI_LINK_FAULT_LINE_OVERFLOW);
 2595              		.loc 1 539 9 is_stmt 1 view .LVU753
 539:Core/Src/balance_car/raspi_link.c ****         RaspiLink_SetFault(RASPI_LINK_FAULT_LINE_OVERFLOW);
 2596              		.loc 1 539 22 is_stmt 0 view .LVU754
 2597 0072 074A     		ldr	r2, .L201+16
 2598 0074 1370     		strb	r3, [r2]
 540:Core/Src/balance_car/raspi_link.c ****     }
 2599              		.loc 1 540 9 is_stmt 1 view .LVU755
 2600 0076 0420     		movs	r0, #4
 2601              	.LVL241:
 540:Core/Src/balance_car/raspi_link.c ****     }
 2602              		.loc 1 540 9 is_stmt 0 view .LVU756
 2603 0078 FFF7FEFF 		bl	RaspiLink_SetFault
ARM GAS  C:\Users\future\AppData\Local\Temp\cc1ED0ni.s 			page 67


 2604              	.LVL242:
 540:Core/Src/balance_car/raspi_link.c ****     }
 2605              		.loc 1 540 9 view .LVU757
 2606 007c DEE7     		b	.L192
 2607              	.L202:
 2608 007e 00BF     		.align	2
 2609              	.L201:
 2610 0080 00380140 		.word	1073821696
 2611 0084 00000000 		.word	s_rx_byte
 2612 0088 00000000 		.word	g_raspi_link_state
 2613 008c 00000000 		.word	s_rx_index
 2614 0090 00000000 		.word	s_rx_line
 2615 0094 00000000 		.word	s_line_ready
 2616              		.cfi_endproc
 2617              	.LFE89:
 2619              		.section	.text.RaspiLink_TxCpltCallback,"ax",%progbits
 2620              		.align	1
 2621              		.global	RaspiLink_TxCpltCallback
 2622              		.syntax unified
 2623              		.thumb
 2624              		.thumb_func
 2626              	RaspiLink_TxCpltCallback:
 2627              	.LVL243:
 2628              	.LFB90:
 546:Core/Src/balance_car/raspi_link.c **** 
 547:Core/Src/balance_car/raspi_link.c **** uint8_t RaspiLink_TxCpltCallback(UART_HandleTypeDef *huart)
 548:Core/Src/balance_car/raspi_link.c **** {
 2629              		.loc 1 548 1 is_stmt 1 view -0
 2630              		.cfi_startproc
 2631              		@ args = 0, pretend = 0, frame = 0
 2632              		@ frame_needed = 0, uses_anonymous_args = 0
 2633              		@ link register save eliminated.
 549:Core/Src/balance_car/raspi_link.c ****     if (huart->Instance != RASPI_UART) {
 2634              		.loc 1 549 5 view .LVU759
 2635              		.loc 1 549 14 is_stmt 0 view .LVU760
 2636 0000 0268     		ldr	r2, [r0]
 2637              		.loc 1 549 8 view .LVU761
 2638 0002 054B     		ldr	r3, .L207
 2639 0004 9A42     		cmp	r2, r3
 2640 0006 01D0     		beq	.L206
 550:Core/Src/balance_car/raspi_link.c ****         return 0U;
 2641              		.loc 1 550 16 view .LVU762
 2642 0008 0020     		movs	r0, #0
 2643              	.LVL244:
 551:Core/Src/balance_car/raspi_link.c ****     }
 552:Core/Src/balance_car/raspi_link.c ****     g_raspi_link_state.tx_busy = 0U;
 553:Core/Src/balance_car/raspi_link.c ****     return 1U;
 554:Core/Src/balance_car/raspi_link.c **** }
 2644              		.loc 1 554 1 view .LVU763
 2645 000a 7047     		bx	lr
 2646              	.LVL245:
 2647              	.L206:
 552:Core/Src/balance_car/raspi_link.c ****     return 1U;
 2648              		.loc 1 552 5 is_stmt 1 view .LVU764
 552:Core/Src/balance_car/raspi_link.c ****     return 1U;
 2649              		.loc 1 552 32 is_stmt 0 view .LVU765
 2650 000c 034B     		ldr	r3, .L207+4
ARM GAS  C:\Users\future\AppData\Local\Temp\cc1ED0ni.s 			page 68


 2651 000e 0022     		movs	r2, #0
 2652 0010 1A71     		strb	r2, [r3, #4]
 553:Core/Src/balance_car/raspi_link.c **** }
 2653              		.loc 1 553 5 is_stmt 1 view .LVU766
 553:Core/Src/balance_car/raspi_link.c **** }
 2654              		.loc 1 553 12 is_stmt 0 view .LVU767
 2655 0012 0120     		movs	r0, #1
 2656              	.LVL246:
 553:Core/Src/balance_car/raspi_link.c **** }
 2657              		.loc 1 553 12 view .LVU768
 2658 0014 7047     		bx	lr
 2659              	.L208:
 2660 0016 00BF     		.align	2
 2661              	.L207:
 2662 0018 00380140 		.word	1073821696
 2663 001c 00000000 		.word	g_raspi_link_state
 2664              		.cfi_endproc
 2665              	.LFE90:
 2667              		.section	.text.RaspiLink_ErrorCallback,"ax",%progbits
 2668              		.align	1
 2669              		.global	RaspiLink_ErrorCallback
 2670              		.syntax unified
 2671              		.thumb
 2672              		.thumb_func
 2674              	RaspiLink_ErrorCallback:
 2675              	.LVL247:
 2676              	.LFB91:
 555:Core/Src/balance_car/raspi_link.c **** 
 556:Core/Src/balance_car/raspi_link.c **** uint8_t RaspiLink_ErrorCallback(UART_HandleTypeDef *huart)
 557:Core/Src/balance_car/raspi_link.c **** {
 2677              		.loc 1 557 1 is_stmt 1 view -0
 2678              		.cfi_startproc
 2679              		@ args = 0, pretend = 0, frame = 0
 2680              		@ frame_needed = 0, uses_anonymous_args = 0
 2681              		.loc 1 557 1 is_stmt 0 view .LVU770
 2682 0000 08B5     		push	{r3, lr}
 2683              	.LCFI45:
 2684              		.cfi_def_cfa_offset 8
 2685              		.cfi_offset 3, -8
 2686              		.cfi_offset 14, -4
 558:Core/Src/balance_car/raspi_link.c ****     if (huart->Instance != RASPI_UART) {
 2687              		.loc 1 558 5 is_stmt 1 view .LVU771
 2688              		.loc 1 558 14 is_stmt 0 view .LVU772
 2689 0002 0268     		ldr	r2, [r0]
 2690              		.loc 1 558 8 view .LVU773
 2691 0004 054B     		ldr	r3, .L214
 2692 0006 9A42     		cmp	r2, r3
 2693 0008 01D0     		beq	.L213
 559:Core/Src/balance_car/raspi_link.c ****         return 0U;
 2694              		.loc 1 559 16 view .LVU774
 2695 000a 0020     		movs	r0, #0
 2696              	.LVL248:
 2697              	.L210:
 560:Core/Src/balance_car/raspi_link.c ****     }
 561:Core/Src/balance_car/raspi_link.c ****     g_raspi_link_state.tx_busy = 0U;
 562:Core/Src/balance_car/raspi_link.c ****     RaspiLink_StartReceive();
 563:Core/Src/balance_car/raspi_link.c ****     return 1U;
ARM GAS  C:\Users\future\AppData\Local\Temp\cc1ED0ni.s 			page 69


 564:Core/Src/balance_car/raspi_link.c **** }
 2698              		.loc 1 564 1 view .LVU775
 2699 000c 08BD     		pop	{r3, pc}
 2700              	.LVL249:
 2701              	.L213:
 561:Core/Src/balance_car/raspi_link.c ****     RaspiLink_StartReceive();
 2702              		.loc 1 561 5 is_stmt 1 view .LVU776
 561:Core/Src/balance_car/raspi_link.c ****     RaspiLink_StartReceive();
 2703              		.loc 1 561 32 is_stmt 0 view .LVU777
 2704 000e 044B     		ldr	r3, .L214+4
 2705 0010 0022     		movs	r2, #0
 2706 0012 1A71     		strb	r2, [r3, #4]
 562:Core/Src/balance_car/raspi_link.c ****     return 1U;
 2707              		.loc 1 562 5 is_stmt 1 view .LVU778
 2708 0014 FFF7FEFF 		bl	RaspiLink_StartReceive
 2709              	.LVL250:
 563:Core/Src/balance_car/raspi_link.c **** }
 2710              		.loc 1 563 5 view .LVU779
 563:Core/Src/balance_car/raspi_link.c **** }
 2711              		.loc 1 563 12 is_stmt 0 view .LVU780
 2712 0018 0120     		movs	r0, #1
 2713 001a F7E7     		b	.L210
 2714              	.L215:
 2715              		.align	2
 2716              	.L214:
 2717 001c 00380140 		.word	1073821696
 2718 0020 00000000 		.word	g_raspi_link_state
 2719              		.cfi_endproc
 2720              	.LFE91:
 2722              		.section	.bss.s_last_odom_update_ms,"aw",%nobits
 2723              		.align	2
 2726              	s_last_odom_update_ms:
 2727 0000 00000000 		.space	4
 2728              		.section	.bss.s_next_odom_tx_ms,"aw",%nobits
 2729              		.align	2
 2732              	s_next_odom_tx_ms:
 2733 0000 00000000 		.space	4
 2734              		.section	.bss.s_tx_line,"aw",%nobits
 2735              		.align	2
 2738              	s_tx_line:
 2739 0000 00000000 		.space	96
 2739      00000000 
 2739      00000000 
 2739      00000000 
 2739      00000000 
 2740              		.section	.bss.s_parse_line,"aw",%nobits
 2741              		.align	2
 2744              	s_parse_line:
 2745 0000 00000000 		.space	80
 2745      00000000 
 2745      00000000 
 2745      00000000 
 2745      00000000 
 2746              		.section	.bss.s_line_ready,"aw",%nobits
 2749              	s_line_ready:
 2750 0000 00       		.space	1
 2751              		.section	.bss.s_rx_index,"aw",%nobits
ARM GAS  C:\Users\future\AppData\Local\Temp\cc1ED0ni.s 			page 70


 2754              	s_rx_index:
 2755 0000 00       		.space	1
 2756              		.section	.bss.s_rx_line,"aw",%nobits
 2757              		.align	2
 2760              	s_rx_line:
 2761 0000 00000000 		.space	80
 2761      00000000 
 2761      00000000 
 2761      00000000 
 2761      00000000 
 2762              		.section	.bss.s_rx_byte,"aw",%nobits
 2765              	s_rx_byte:
 2766 0000 00       		.space	1
 2767              		.section	.bss.s_huart_raspi,"aw",%nobits
 2768              		.align	2
 2771              	s_huart_raspi:
 2772 0000 00000000 		.space	72
 2772      00000000 
 2772      00000000 
 2772      00000000 
 2772      00000000 
 2773              		.global	g_raspi_link_debug
 2774              		.section	.data.g_raspi_link_debug,"aw"
 2775              		.align	2
 2778              	g_raspi_link_debug:
 2779 0000 01       		.byte	1
 2780 0001 01       		.byte	1
 2781 0002 01       		.byte	1
 2782 0003 01       		.byte	1
 2783 0004 00004040 		.word	1077936128
 2784 0008 00000040 		.word	1073741824
 2785 000c B81E053D 		.word	1023745720
 2786 0010 F4010000 		.word	500
 2787 0014 32000000 		.word	50
 2788              		.global	g_raspi_link_state
 2789              		.section	.bss.g_raspi_link_state,"aw",%nobits
 2790              		.align	2
 2793              	g_raspi_link_state:
 2794 0000 00000000 		.space	260
 2794      00000000 
 2794      00000000 
 2794      00000000 
 2794      00000000 
 2795              		.text
 2796              	.Letext0:
 2797              		.file 3 "Drivers/CMSIS/Device/ST/STM32F1xx/Include/stm32f103xb.h"
 2798              		.file 4 "C:/msys64/mingw64/arm-none-eabi/include/machine/_default_types.h"
 2799              		.file 5 "C:/msys64/mingw64/arm-none-eabi/include/sys/_stdint.h"
 2800              		.file 6 "C:/msys64/mingw64/lib/gcc/arm-none-eabi/13.3.0/include/stddef.h"
 2801              		.file 7 "Drivers/STM32F1xx_HAL_Driver/Inc/stm32f1xx_hal_def.h"
 2802              		.file 8 "Drivers/STM32F1xx_HAL_Driver/Inc/stm32f1xx_hal_gpio.h"
 2803              		.file 9 "Drivers/STM32F1xx_HAL_Driver/Inc/stm32f1xx_hal_dma.h"
 2804              		.file 10 "Drivers/STM32F1xx_HAL_Driver/Inc/stm32f1xx_hal_uart.h"
 2805              		.file 11 "Core/Inc/balance_car/raspi_link.h"
 2806              		.file 12 "Core/Inc/balance_car/balance_control.h"
 2807              		.file 13 "C:/msys64/mingw64/arm-none-eabi/include/stdio.h"
 2808              		.file 14 "C:/msys64/mingw64/arm-none-eabi/include/math.h"
ARM GAS  C:\Users\future\AppData\Local\Temp\cc1ED0ni.s 			page 71


 2809              		.file 15 "C:/msys64/mingw64/arm-none-eabi/include/stdlib.h"
 2810              		.file 16 "C:/msys64/mingw64/arm-none-eabi/include/string.h"
 2811              		.file 17 "Drivers/STM32F1xx_HAL_Driver/Inc/stm32f1xx_hal_cortex.h"
 2812              		.file 18 "Drivers/STM32F1xx_HAL_Driver/Inc/stm32f1xx_hal.h"
 2813              		.file 19 "<built-in>"
ARM GAS  C:\Users\future\AppData\Local\Temp\cc1ED0ni.s 			page 72


DEFINED SYMBOLS
                            *ABS*:00000000 raspi_link.c
C:\Users\future\AppData\Local\Temp\cc1ED0ni.s:19     .text.RaspiLink_SetFault:00000000 $t
C:\Users\future\AppData\Local\Temp\cc1ED0ni.s:24     .text.RaspiLink_SetFault:00000000 RaspiLink_SetFault
C:\Users\future\AppData\Local\Temp\cc1ED0ni.s:44     .text.RaspiLink_SetFault:0000000c $d
C:\Users\future\AppData\Local\Temp\cc1ED0ni.s:2793   .bss.g_raspi_link_state:00000000 g_raspi_link_state
C:\Users\future\AppData\Local\Temp\cc1ED0ni.s:51     .text.RaspiLink_Clamp:00000000 $t
C:\Users\future\AppData\Local\Temp\cc1ED0ni.s:56     .text.RaspiLink_Clamp:00000000 RaspiLink_Clamp
C:\Users\future\AppData\Local\Temp\cc1ED0ni.s:121    .text.RaspiLink_StopMotion:00000000 $t
C:\Users\future\AppData\Local\Temp\cc1ED0ni.s:126    .text.RaspiLink_StopMotion:00000000 RaspiLink_StopMotion
C:\Users\future\AppData\Local\Temp\cc1ED0ni.s:157    .text.RaspiLink_StopMotion:00000014 $d
C:\Users\future\AppData\Local\Temp\cc1ED0ni.s:163    .text.RaspiLink_ChecksumAscii:00000000 $t
C:\Users\future\AppData\Local\Temp\cc1ED0ni.s:168    .text.RaspiLink_ChecksumAscii:00000000 RaspiLink_ChecksumAscii
C:\Users\future\AppData\Local\Temp\cc1ED0ni.s:210    .text.RaspiLink_HexValue:00000000 $t
C:\Users\future\AppData\Local\Temp\cc1ED0ni.s:215    .text.RaspiLink_HexValue:00000000 RaspiLink_HexValue
C:\Users\future\AppData\Local\Temp\cc1ED0ni.s:288    .text.RaspiLink_ParseChecksum:00000000 $t
C:\Users\future\AppData\Local\Temp\cc1ED0ni.s:293    .text.RaspiLink_ParseChecksum:00000000 RaspiLink_ParseChecksum
C:\Users\future\AppData\Local\Temp\cc1ED0ni.s:413    .text.RaspiLink_ParseFlag:00000000 $t
C:\Users\future\AppData\Local\Temp\cc1ED0ni.s:418    .text.RaspiLink_ParseFlag:00000000 RaspiLink_ParseFlag
C:\Users\future\AppData\Local\Temp\cc1ED0ni.s:489    .text.RaspiLink_MarkInvalid:00000000 $t
C:\Users\future\AppData\Local\Temp\cc1ED0ni.s:494    .text.RaspiLink_MarkInvalid:00000000 RaspiLink_MarkInvalid
C:\Users\future\AppData\Local\Temp\cc1ED0ni.s:526    .text.RaspiLink_MarkInvalid:00000014 $d
C:\Users\future\AppData\Local\Temp\cc1ED0ni.s:533    .text.RaspiLink_NormalizeYaw:00000000 $t
C:\Users\future\AppData\Local\Temp\cc1ED0ni.s:538    .text.RaspiLink_NormalizeYaw:00000000 RaspiLink_NormalizeYaw
C:\Users\future\AppData\Local\Temp\cc1ED0ni.s:600    .text.RaspiLink_NormalizeYaw:0000003c $d
C:\Users\future\AppData\Local\Temp\cc1ED0ni.s:608    .text.RaspiLink_CheckTimeout:00000000 $t
C:\Users\future\AppData\Local\Temp\cc1ED0ni.s:613    .text.RaspiLink_CheckTimeout:00000000 RaspiLink_CheckTimeout
C:\Users\future\AppData\Local\Temp\cc1ED0ni.s:684    .text.RaspiLink_CheckTimeout:0000003c $d
C:\Users\future\AppData\Local\Temp\cc1ED0ni.s:2778   .data.g_raspi_link_debug:00000000 g_raspi_link_debug
C:\Users\future\AppData\Local\Temp\cc1ED0ni.s:690    .text.RaspiLink_UartInit:00000000 $t
C:\Users\future\AppData\Local\Temp\cc1ED0ni.s:695    .text.RaspiLink_UartInit:00000000 RaspiLink_UartInit
C:\Users\future\AppData\Local\Temp\cc1ED0ni.s:890    .text.RaspiLink_UartInit:000000c0 $d
C:\Users\future\AppData\Local\Temp\cc1ED0ni.s:2771   .bss.s_huart_raspi:00000000 s_huart_raspi
C:\Users\future\AppData\Local\Temp\cc1ED0ni.s:899    .text.RaspiLink_StartReceive:00000000 $t
C:\Users\future\AppData\Local\Temp\cc1ED0ni.s:904    .text.RaspiLink_StartReceive:00000000 RaspiLink_StartReceive
C:\Users\future\AppData\Local\Temp\cc1ED0ni.s:937    .text.RaspiLink_StartReceive:00000018 $d
C:\Users\future\AppData\Local\Temp\cc1ED0ni.s:2765   .bss.s_rx_byte:00000000 s_rx_byte
C:\Users\future\AppData\Local\Temp\cc1ED0ni.s:943    .text.RaspiLink_ParseUint32:00000000 $t
C:\Users\future\AppData\Local\Temp\cc1ED0ni.s:948    .text.RaspiLink_ParseUint32:00000000 RaspiLink_ParseUint32
C:\Users\future\AppData\Local\Temp\cc1ED0ni.s:1062   .text.RaspiLink_ParseFloat:00000000 $t
C:\Users\future\AppData\Local\Temp\cc1ED0ni.s:1067   .text.RaspiLink_ParseFloat:00000000 RaspiLink_ParseFloat
C:\Users\future\AppData\Local\Temp\cc1ED0ni.s:1180   .rodata.RaspiLink_ProcessLine.str1.4:00000000 $d
C:\Users\future\AppData\Local\Temp\cc1ED0ni.s:1184   .text.RaspiLink_ProcessLine:00000000 $t
C:\Users\future\AppData\Local\Temp\cc1ED0ni.s:1189   .text.RaspiLink_ProcessLine:00000000 RaspiLink_ProcessLine
C:\Users\future\AppData\Local\Temp\cc1ED0ni.s:1558   .text.RaspiLink_ProcessLine:00000170 $d
C:\Users\future\AppData\Local\Temp\cc1ED0ni.s:1571   .text.RaspiLink_UpdateOdometry:00000000 $t
C:\Users\future\AppData\Local\Temp\cc1ED0ni.s:1576   .text.RaspiLink_UpdateOdometry:00000000 RaspiLink_UpdateOdometry
C:\Users\future\AppData\Local\Temp\cc1ED0ni.s:1765   .text.RaspiLink_UpdateOdometry:000000b0 $d
C:\Users\future\AppData\Local\Temp\cc1ED0ni.s:2726   .bss.s_last_odom_update_ms:00000000 s_last_odom_update_ms
C:\Users\future\AppData\Local\Temp\cc1ED0ni.s:1777   .rodata.RaspiLink_FormatFixed4.str1.4:00000000 $d
C:\Users\future\AppData\Local\Temp\cc1ED0ni.s:1788   .text.RaspiLink_FormatFixed4:00000000 $t
C:\Users\future\AppData\Local\Temp\cc1ED0ni.s:1793   .text.RaspiLink_FormatFixed4:00000000 RaspiLink_FormatFixed4
C:\Users\future\AppData\Local\Temp\cc1ED0ni.s:1913   .text.RaspiLink_FormatFixed4:00000060 $d
C:\Users\future\AppData\Local\Temp\cc1ED0ni.s:1922   .rodata.RaspiLink_SendOdometry.str1.4:00000000 $d
C:\Users\future\AppData\Local\Temp\cc1ED0ni.s:1929   .text.RaspiLink_SendOdometry:00000000 $t
C:\Users\future\AppData\Local\Temp\cc1ED0ni.s:1934   .text.RaspiLink_SendOdometry:00000000 RaspiLink_SendOdometry
C:\Users\future\AppData\Local\Temp\cc1ED0ni.s:2214   .text.RaspiLink_SendOdometry:00000120 $d
ARM GAS  C:\Users\future\AppData\Local\Temp\cc1ED0ni.s 			page 73


C:\Users\future\AppData\Local\Temp\cc1ED0ni.s:2732   .bss.s_next_odom_tx_ms:00000000 s_next_odom_tx_ms
C:\Users\future\AppData\Local\Temp\cc1ED0ni.s:2738   .bss.s_tx_line:00000000 s_tx_line
C:\Users\future\AppData\Local\Temp\cc1ED0ni.s:2226   .text.RaspiLink_Init:00000000 $t
C:\Users\future\AppData\Local\Temp\cc1ED0ni.s:2232   .text.RaspiLink_Init:00000000 RaspiLink_Init
C:\Users\future\AppData\Local\Temp\cc1ED0ni.s:2302   .text.RaspiLink_Init:00000040 $d
C:\Users\future\AppData\Local\Temp\cc1ED0ni.s:2754   .bss.s_rx_index:00000000 s_rx_index
C:\Users\future\AppData\Local\Temp\cc1ED0ni.s:2749   .bss.s_line_ready:00000000 s_line_ready
C:\Users\future\AppData\Local\Temp\cc1ED0ni.s:2312   .text.RaspiLink_Background:00000000 $t
C:\Users\future\AppData\Local\Temp\cc1ED0ni.s:2318   .text.RaspiLink_Background:00000000 RaspiLink_Background
C:\Users\future\AppData\Local\Temp\cc1ED0ni.s:2418   .text.RaspiLink_Background:00000048 $d
C:\Users\future\AppData\Local\Temp\cc1ED0ni.s:2744   .bss.s_parse_line:00000000 s_parse_line
C:\Users\future\AppData\Local\Temp\cc1ED0ni.s:2760   .bss.s_rx_line:00000000 s_rx_line
C:\Users\future\AppData\Local\Temp\cc1ED0ni.s:2426   .text.RaspiLink_IRQHandler:00000000 $t
C:\Users\future\AppData\Local\Temp\cc1ED0ni.s:2432   .text.RaspiLink_IRQHandler:00000000 RaspiLink_IRQHandler
C:\Users\future\AppData\Local\Temp\cc1ED0ni.s:2452   .text.RaspiLink_IRQHandler:0000000c $d
C:\Users\future\AppData\Local\Temp\cc1ED0ni.s:2457   .text.RaspiLink_RxCpltCallback:00000000 $t
C:\Users\future\AppData\Local\Temp\cc1ED0ni.s:2463   .text.RaspiLink_RxCpltCallback:00000000 RaspiLink_RxCpltCallback
C:\Users\future\AppData\Local\Temp\cc1ED0ni.s:2610   .text.RaspiLink_RxCpltCallback:00000080 $d
C:\Users\future\AppData\Local\Temp\cc1ED0ni.s:2620   .text.RaspiLink_TxCpltCallback:00000000 $t
C:\Users\future\AppData\Local\Temp\cc1ED0ni.s:2626   .text.RaspiLink_TxCpltCallback:00000000 RaspiLink_TxCpltCallback
C:\Users\future\AppData\Local\Temp\cc1ED0ni.s:2662   .text.RaspiLink_TxCpltCallback:00000018 $d
C:\Users\future\AppData\Local\Temp\cc1ED0ni.s:2668   .text.RaspiLink_ErrorCallback:00000000 $t
C:\Users\future\AppData\Local\Temp\cc1ED0ni.s:2674   .text.RaspiLink_ErrorCallback:00000000 RaspiLink_ErrorCallback
C:\Users\future\AppData\Local\Temp\cc1ED0ni.s:2717   .text.RaspiLink_ErrorCallback:0000001c $d
C:\Users\future\AppData\Local\Temp\cc1ED0ni.s:2723   .bss.s_last_odom_update_ms:00000000 $d
C:\Users\future\AppData\Local\Temp\cc1ED0ni.s:2729   .bss.s_next_odom_tx_ms:00000000 $d
C:\Users\future\AppData\Local\Temp\cc1ED0ni.s:2735   .bss.s_tx_line:00000000 $d
C:\Users\future\AppData\Local\Temp\cc1ED0ni.s:2741   .bss.s_parse_line:00000000 $d
C:\Users\future\AppData\Local\Temp\cc1ED0ni.s:2750   .bss.s_line_ready:00000000 $d
C:\Users\future\AppData\Local\Temp\cc1ED0ni.s:2755   .bss.s_rx_index:00000000 $d
C:\Users\future\AppData\Local\Temp\cc1ED0ni.s:2757   .bss.s_rx_line:00000000 $d
C:\Users\future\AppData\Local\Temp\cc1ED0ni.s:2766   .bss.s_rx_byte:00000000 $d
C:\Users\future\AppData\Local\Temp\cc1ED0ni.s:2768   .bss.s_huart_raspi:00000000 $d
C:\Users\future\AppData\Local\Temp\cc1ED0ni.s:2775   .data.g_raspi_link_debug:00000000 $d
C:\Users\future\AppData\Local\Temp\cc1ED0ni.s:2790   .bss.g_raspi_link_state:00000000 $d

UNDEFINED SYMBOLS
__aeabi_fcmplt
__aeabi_fcmpgt
g_balance_debug
__aeabi_fsub
__aeabi_fadd
HAL_GetTick
HAL_GPIO_Init
HAL_UART_Init
HAL_NVIC_SetPriority
HAL_NVIC_EnableIRQ
HAL_UART_Receive_IT
strtoul
strtof
strncpy
strchr
strcmp
__aeabi_fcmple
__aeabi_ui2f
__aeabi_fdiv
__aeabi_fmul
ARM GAS  C:\Users\future\AppData\Local\Temp\cc1ED0ni.s 			page 74


cosf
sinf
g_balance_state
__aeabi_f2iz
snprintf
HAL_UART_Transmit_IT
memset
HAL_UART_IRQHandler
